distancia_millas,aeropuerto_origen,aeropuerto_destino
692.0,ABE,ATL
685.0,ABE,BNA
481.0,ABE,CLT
425.0,ABE,DTW
1041.0,ABE,FLL
654.0,ABE,ORD
1018.0,ABE,PGD
970.0,ABE,PIE
882.0,ABE,SFB
158.0,ABI,DFW
1269.0,ABQ,ATL
619.0,ABQ,AUS
1670.0,ABQ,BWI
580.0,ABQ,DAL
349.0,ABQ,DEN
569.0,ABQ,DFW
759.0,ABQ,HOU
744.0,ABQ,IAH
1826.0,ABQ,JFK
486.0,ABQ,LAS
677.0,ABQ,LAX
718.0,ABQ,MCI
1553.0,ABQ,MCO
1121.0,ABQ,MDW
981.0,ABQ,MSP
889.0,ABQ,OAK
1118.0,ABQ,ORD
1111.0,ABQ,PDX
328.0,ABQ,PHX
628.0,ABQ,SAN
1180.0,ABQ,SEA
896.0,ABQ,SFO
870.0,ABQ,SJC
493.0,ABQ,SLC
257.0,ABR,MSP
145.0,ABY,ATL
89.0,ACT,DFW
1026.0,ACV,DEN
577.0,ACV,LAX
250.0,ACV,SFO
977.0,ACY,FLL
852.0,ACY,MCO
466.0,ACY,MYR
936.0,ACY,PBI
982.0,ACY,RSW
913.0,ACY,TPA
1192.0,ADK,ANC
253.0,ADQ,ANC
500.0,AEX,ATL
285.0,AEX,DFW
190.0,AEX,IAH
143.0,AGS,ATL
140.0,AGS,CLT
468.0,AGS,DCA
874.0,AGS,DFW
853.0,ALB,ATL
289.0,ALB,BWI
646.0,ALB,CLT
318.0,ALB,DCA
1610.0,ALB,DEN
489.0,ALB,DTW
143.0,ALB,EWR
1204.0,ALB,FLL
325.0,ALB,IAD
1073.0,ALB,MCO
717.0,ALB,MDW
980.0,ALB,MSP
723.0,ALB,ORD
1185.0,ALB,PGD
1138.0,ALB,PIE
1205.0,ALB,RSW
1049.0,ALB,SFB
1130.0,ALB,TPA
234.0,ALO,ORD
323.0,AMA,DAL
359.0,AMA,DEN
312.0,AMA,DFW
537.0,AMA,HOU
517.0,AMA,IAH
758.0,AMA,LAS
602.0,AMA,PHX
1192.0,ANC,ADK
253.0,ANC,ADQ
399.0,ANC,BET
160.0,ANC,CDV
2405.0,ANC,DEN
261.0,ANC,FAI
2777.0,ANC,HNL
571.0,ANC,JNU
2874.0,ANC,KOA
2345.0,ANC,LAX
2519.0,ANC,MSP
2797.0,ANC,OGG
539.0,ANC,OME
2846.0,ANC,ORD
548.0,ANC,OTZ
1542.0,ANC,PDX
2552.0,ANC,PHX
626.0,ANC,SCC
1448.0,ANC,SEA
198.0,APN,DTW
69.0,APN,PLN
287.0,,PHL
1304.0,ASE,ATL
125.0,ASE,DEN
701.0,ASE,DFW
913.0,ASE,IAH
737.0,ASE,LAX
802.0,ASE,MSP
1013.0,ASE,ORD
491.0,ASE,PHX
848.0,ASE,SFO
292.0,ASE,SLC
692.0,ATL,ABE
1269.0,ATL,ABQ
145.0,ATL,ABY
500.0,ATL,AEX
143.0,ATL,AGS
853.0,ATL,ALB
1304.0,ATL,ASE
765.0,ATL,ATW
813.0,ATL,AUS
164.0,ATL,AVL
714.0,ATL,AVP
859.0,ATL,BDL
134.0,ATL,BHM
533.0,ATL,BMI
214.0,ATL,BNA
946.0,ATL,BOS
238.0,ATL,BQK
448.0,ATL,BTR
961.0,ATL,BTV
712.0,ATL,BUF
1941.0,ATL,BUR
577.0,ATL,BWI
1640.0,ATL,BZN
192.0,ATL,CAE
528.0,ATL,CAK
106.0,ATL,CHA
457.0,ATL,CHO
259.0,ATL,CHS
694.0,ATL,CID
554.0,ATL,CLE
226.0,ATL,CLT
447.0,ATL,CMH
1184.0,ATL,COS
363.0,ATL,CRW
83.0,ATL,CSG
373.0,ATL,CVG
366.0,ATL,DAB
721.0,ATL,DAL
432.0,ATL,DAY
547.0,ATL,DCA
1199.0,ATL,DEN
731.0,ATL,DFW
170.0,ATL,DHN
743.0,ATL,DSM
594.0,ATL,DTW
240.0,ATL,ECP
1312.0,ATL,EGE
717.0,ATL,ELM
1282.0,ATL,ELP
350.0,ATL,EVV
433.0,ATL,EWN
746.0,ATL,EWR
646.0,ATL,EYW
1123.0,ATL,FAR
331.0,ATL,FAY
581.0,ATL,FLL
645.0,ATL,FNT
954.0,ATL,FSD
579.0,ATL,FSM
508.0,ATL,FWA
300.0,ATL,GNV
352.0,ATL,GPT
774.0,ATL,GRB
640.0,ATL,GRR
306.0,ATL,GSO
153.0,ATL,GSP
241.0,ATL,GTR
1340.0,ATL,HDN
238.0,ATL,HHH
4502.0,ATL,HNL
696.0,ATL,HOU
780.0,ATL,HPN
151.0,ATL,HSV
534.0,ATL,IAD
689.0,ATL,IAH
782.0,ATL,ICT
377.0,ATL,ILM
432.0,ATL,IND
795.0,ATL,ISP
1572.0,ATL,JAC
341.0,ATL,JAN
270.0,ATL,JAX
760.0,ATL,JFK
1747.0,ATL,LAS
1947.0,ATL,LAX
304.0,ATL,LEX
503.0,ATL,LFT
762.0,ATL,LGA
453.0,ATL,LIT
841.0,ATL,LNK
683.0,ATL,MBS
692.0,ATL,MCI
404.0,ATL,MCO
620.0,ATL,MDT
591.0,ATL,MDW
332.0,ATL,MEM
147.0,ATL,MGM
952.0,ATL,MHT
594.0,ATL,MIA
669.0,ATL,MKE
442.0,ATL,MLB
633.0,ATL,MLI
448.0,ATL,MLU
302.0,ATL,MOB
707.0,ATL,MSN
907.0,ATL,MSP
425.0,ATL,MSY
1352.0,ATL,MTJ
317.0,ATL,MYR
399.0,ATL,OAJ
2130.0,ATL,OAK
761.0,ATL,OKC
821.0,ATL,OMA
1900.0,ATL,ONT
606.0,ATL,ORD
516.0,ATL,ORF
545.0,ATL,PBI
2172.0,ATL,PDX
508.0,ATL,PHF
666.0,ATL,PHL
1587.0,ATL,PHX
565.0,ATL,PIA
526.0,ATL,PIT
271.0,ATL,PNS
1840.0,ATL,PSP
903.0,ATL,PVD
1027.0,ATL,PWM
356.0,ATL,RDU
481.0,ATL,RIC
1993.0,ATL,RNO
357.0,ATL,ROA
749.0,ATL,ROC
831.0,ATL,RST
515.0,ATL,RSW
1892.0,ATL,SAN
874.0,ATL,SAT
214.0,ATL,SAV
566.0,ATL,SBN
321.0,ATL,SDF
2182.0,ATL,SEA
2139.0,ATL,SFO
563.0,ATL,SGF
551.0,ATL,SHV
2116.0,ATL,SJC
1547.0,ATL,SJU
1590.0,ATL,SLC
2092.0,ATL,SMF
1919.0,ATL,SNA
444.0,ATL,SRQ
484.0,ATL,STL
1599.0,ATL,STT
1638.0,ATL,STX
794.0,ATL,SYR
223.0,ATL,TLH
406.0,ATL,TPA
227.0,ATL,PSC
701.0,ATL,TTN
674.0,ATL,TUL
1541.0,ATL,TUS
152.0,ATL,TYS
208.0,ATL,VLD
250.0,ATL,VPS
589.0,ATL,XNA
765.0,ATW,ATL
1452.0,ATW,AZA
296.0,ATW,DTW
1510.0,ATW,LAS
236.0,ATW,MSP
161.0,ATW,ORD
1250.0,ATW,PGD
1173.0,ATW,PIE
1141.0,ATW,SFB
519.0,ATY,DEN
507.0,ATY,ORD
619.0,AUS,ABQ
813.0,AUS,ATL
756.0,AUS,BNA
1698.0,AUS,BOS
1342.0,AUS,BWI
1032.0,AUS,CLT
1073.0,AUS,CMH
958.0,AUS,CVG
189.0,AUS,DAL
1315.0,AUS,DCA
775.0,AUS,DEN
190.0,AUS,DFW
1149.0,AUS,DTW
528.0,AUS,ELP
1504.0,AUS,EWR
1105.0,AUS,FLL
148.0,AUS,HOU
273.0,AUS,HRL
1297.0,AUS,IAD
140.0,AUS,IAH
919.0,AUS,IND
1521.0,AUS,JFK
1090.0,AUS,LAS
1242.0,AUS,LAX
341.0,AUS,LBB
1226.0,AUS,LGB
650.0,AUS,MCI
994.0,AUS,MCO
972.0,AUS,MDW
1103.0,AUS,MIA
1042.0,AUS,MSP
444.0,AUS,MSY
1497.0,AUS,OAK
1196.0,AUS,ONT
977.0,AUS,ORD
1715.0,AUS,PDX
1430.0,AUS,PHL
872.0,AUS,PHX
1162.0,AUS,RDU
1164.0,AUS,SAN
1770.0,AUS,SEA
994.0,AUS,SFB
1504.0,AUS,SFO
1476.0,AUS,SJC
1086.0,AUS,SLC
1481.0,AUS,SMF
1209.0,AUS,SNA
721.0,AUS,STL
928.0,AUS,TPA
164.0,AVL,ATL
414.0,AVL,BWI
91.0,AVL,CLT
1248.0,AVL,DEN
848.0,AVL,DFW
583.0,AVL,EWR
660.0,AVL,FLL
599.0,AVL,LGA
488.0,AVL,MCO
536.0,AVL,ORD
620.0,AVL,PBI
588.0,AVL,PGD
504.0,AVL,PHL
519.0,AVL,PIE
465.0,AVL,SFB
554.0,AVL,SRQ
514.0,AVL,TPA
714.0,AVP,ATL
509.0,AVP,CLT
399.0,AVP,DTW
632.0,AVP,ORD
1452.0,AZA,ATW
878.0,AZA,BIL
1092.0,AZA,BIS
1208.0,AZA,BLI
1272.0,AZA,BLV
749.0,AZA,BOI
861.0,AZA,BZN
1240.0,AZA,CID
1553.0,AZA,CVG
1137.0,AZA,DSM
971.0,AZA,EUG
1220.0,AZA,FAR
1044.0,AZA,FCA
1072.0,AZA,FSD
1546.0,AZA,FWA
1260.0,AZA,GFK
437.0,AZA,GJT
905.0,AZA,GRI
1561.0,AZA,GRR
978.0,AZA,GTF
855.0,AZA,ICT
704.0,AZA,IDA
276.0,AZA,LAS
1030.0,AZA,MCI
943.0,AZA,MFE
1448.0,AZA,MKE
1288.0,AZA,MLI
1164.0,AZA,MOT
948.0,AZA,MSO
668.0,AZA,OAK
544.0,AZA,OGD
1026.0,AZA,OMA
1312.0,AZA,PIA
1760.0,AZA,PIE
977.0,AZA,PSC
477.0,AZA,PVU
873.0,AZA,RAP
911.0,AZA,RDM
1373.0,AZA,RFD
1501.0,AZA,SBN
625.0,AZA,SCK
1066.0,AZA,SGF
278.0,AZA,SGU
1259.0,AZA,STC
1599.0,AZA,TVC
1006.0,AZA,XNA
113.0,AZO,DTW
426.0,AZO,MSP
122.0,AZO,ORD
859.0,BDL,ATL
283.0,BDL,BWI
476.0,BDL,CLE
644.0,BDL,CLT
661.0,BDL,CVG
313.0,BDL,DCA
1671.0,BDL,DEN
1471.0,BDL,DFW
549.0,BDL,DTW
1173.0,BDL,FLL
326.0,BDL,IAD
1507.0,BDL,IAH
2527.0,BDL,LAX
1050.0,BDL,MCO
777.0,BDL,MDW
1194.0,BDL,MIA
1050.0,BDL,MSP
783.0,BDL,ORD
1133.0,BDL,PBI
196.0,BDL,PHL
532.0,BDL,RDU
1180.0,BDL,RSW
1666.0,BDL,SJU
957.0,BDL,STL
1111.0,BDL,TPA
399.0,BET,ANC
150.0,BFF,DEN
845.0,BFL,DEN
1271.0,BFL,DFW
425.0,BFL,PHX
238.0,BFL,SFO
1132.0,,DEN
378.0,BGM,DTW
590.0,BGR,DCA
393.0,BGR,EWR
378.0,BGR,LGA
1394.0,BGR,PIE
1299.0,BGR,SFB
134.0,BHM,ATL
682.0,BHM,BWI
350.0,BHM,CLT
587.0,BHM,DAL
653.0,BHM,DCA
1083.0,BHM,DEN
597.0,BHM,DFW
625.0,BHM,DTW
650.0,BHM,FLL
570.0,BHM,HOU
562.0,BHM,IAH
1618.0,BHM,LAS
866.0,BHM,LGA
479.0,BHM,MCO
570.0,BHM,MDW
661.0,BHM,MIA
583.0,BHM,ORD
772.0,BHM,PHL
2013.0,BHM,SFO
1990.0,BHM,SJC
459.0,BHM,TPA
878.0,BIL,AZA
455.0,BIL,DEN
1081.0,BIL,DFW
754.0,BIL,LAS
748.0,BIL,MSP
387.0,BIL,SLC
1092.0,BIS,AZA
516.0,BIS,DEN
977.0,BIS,DFW
1048.0,BIS,LAS
386.0,BIS,MSP
716.0,BIS,ORD
1628.0,BIS,SFB
199.0,BJI,MSP
1208.0,BLI,AZA
2732.0,BLI,KOA
954.0,BLI,LAS
1047.0,BLI,LAX
764.0,BLI,OAK
2681.0,BLI,OGG
1078.0,BLI,PSP
1142.0,BLI,SAN
93.0,BLI,SEA
1299.0,BLI,TUS
1272.0,BLV,AZA
1400.0,BLV,LAS
921.0,BLV,PGD
841.0,BLV,PIE
835.0,BLV,SFB
876.0,BLV,SRQ
587.0,BLV,VPS
533.0,BMI,ATL
690.0,BMI,DFW
936.0,BMI,MCO
116.0,BMI,ORD
936.0,BMI,PIE
917.0,BMI,SFB
685.0,BNA,ABE
214.0,BNA,ATL
756.0,BNA,AUS
942.0,BNA,BOS
633.0,BNA,BUF
1791.0,BNA,BUR
587.0,BNA,BWI
439.0,BNA,CHS
448.0,BNA,CLE
328.0,BNA,CLT
337.0,BNA,CMH
623.0,BNA,DAL
562.0,BNA,DCA
1014.0,BNA,DEN
631.0,BNA,DFW
456.0,BNA,DTW
401.0,BNA,ECP
748.0,BNA,EWR
793.0,BNA,FLL
470.0,BNA,GRR
670.0,BNA,HOU
542.0,BNA,IAD
657.0,BNA,IAH
483.0,BNA,JAX
765.0,BNA,JFK
1587.0,BNA,LAS
1797.0,BNA,LAX
764.0,BNA,LGA
491.0,BNA,MCI
616.0,BNA,MCO
608.0,BNA,MDT
395.0,BNA,MDW
806.0,BNA,MIA
475.0,BNA,MKE
695.0,BNA,MSP
471.0,BNA,MSY
1959.0,BNA,OAK
616.0,BNA,OKC
612.0,BNA,OMA
409.0,BNA,ORD
585.0,BNA,ORF
692.0,BNA,PGD
675.0,BNA,PHL
1449.0,BNA,PHX
612.0,BNA,PIE
462.0,BNA,PIT
391.0,BNA,PNS
442.0,BNA,RDU
527.0,BNA,RIC
722.0,BNA,RSW
1751.0,BNA,SAN
822.0,BNA,SAT
1978.0,BNA,SEA
598.0,BNA,SFB
1969.0,BNA,SFO
1947.0,BNA,SJC
1404.0,BNA,SLC
648.0,BNA,SRQ
272.0,BNA,STL
741.0,BNA,SYR
612.0,BNA,TPA
706.0,BNA,TTN
749.0,BOI,AZA
649.0,BOI,DEN
1272.0,BOI,DFW
287.0,BOI,GEG
1482.0,BOI,IAH
519.0,BOI,LAS
674.0,BOI,LAX
1142.0,BOI,MSP
512.0,BOI,OAK
1437.0,BOI,ORD
344.0,BOI,PDX
735.0,BOI,PHX
749.0,BOI,SAN
399.0,BOI,SEA
522.0,BOI,SFO
523.0,BOI,SJC
290.0,BOI,SLC
437.0,BOI,SMF
946.0,BOS,ATL
1698.0,BOS,AUS
942.0,BOS,BNA
395.0,BOS,BUF
2601.0,BOS,BUR
369.0,BOS,BWI
818.0,BOS,CHS
563.0,BOS,CLE
728.0,BOS,CLT
640.0,BOS,CMH
752.0,BOS,CVG
1554.0,BOS,DAL
399.0,BOS,DCA
1754.0,BOS,DEN
1562.0,BOS,DFW
632.0,BOS,DTW
200.0,BOS,EWR
1237.0,BOS,FLL
1871.0,BOS,HDN
5095.0,BOS,HNL
1609.0,BOS,HOU
413.0,BOS,IAD
1597.0,BOS,IAH
818.0,BOS,IND
1010.0,BOS,JAX
187.0,BOS,JFK
2381.0,BOS,LAS
2611.0,BOS,LAX
184.0,BOS,LGA
2602.0,BOS,LGB
1256.0,BOS,MCI
1121.0,BOS,MCO
861.0,BOS,MDW
1258.0,BOS,MIA
860.0,BOS,MKE
1124.0,BOS,MSP
1368.0,BOS,MSY
738.0,BOS,MYR
867.0,BOS,ORD
468.0,BOS,ORF
1197.0,BOS,PBI
2537.0,BOS,PDX
280.0,BOS,PHL
2300.0,BOS,PHX
496.0,BOS,PIT
612.0,BOS,RDU
474.0,BOS,RIC
343.0,BOS,ROC
1249.0,BOS,RSW
2588.0,BOS,SAN
901.0,BOS,SAV
2496.0,BOS,SEA
2704.0,BOS,SFO
2689.0,BOS,SJC
1674.0,BOS,SJU
2105.0,BOS,SLC
2636.0,BOS,SMF
1220.0,BOS,SRQ
1047.0,BOS,STL
1693.0,BOS,STT
265.0,BOS,SYR
1185.0,BOS,TPA
270.0,BPT,DFW
238.0,BQK,ATL
1585.0,BQN,EWR
982.0,BQN,FLL
1576.0,BQN,JFK
1129.0,BQN,MCO
114.0,BRD,MSP
482.0,BRO,DFW
308.0,BRO,IAH
1233.0,BRO,ORD
725.0,BRW,ANC
503.0,BRW,FAI
358.0,BTM,SLC
448.0,BTR,ATL
675.0,BTR,CLT
985.0,BTR,DCA
383.0,BTR,DFW
253.0,BTR,IAH
961.0,BTV,ATL
761.0,BTV,CLT
437.0,BTV,DCA
537.0,BTV,DTW
266.0,BTV,EWR
441.0,BTV,IAD
266.0,BTV,JFK
258.0,BTV,LGA
1194.0,BTV,MCO
763.0,BTV,ORD
335.0,BTV,PHL
712.0,BUF,ATL
633.0,BUF,BNA
395.0,BUF,BOS
281.0,BUF,BWI
546.0,BUF,CLT
296.0,BUF,DCA
1359.0,BUF,DEN
1212.0,BUF,DFW
241.0,BUF,DTW
282.0,BUF,EWR
1166.0,BUF,FLL
283.0,BUF,IAD
301.0,BUF,JFK
1986.0,BUF,LAS
2218.0,BUF,LAX
292.0,BUF,LGA
1011.0,BUF,MCO
468.0,BUF,MDW
1185.0,BUF,MIA
735.0,BUF,MSP
473.0,BUF,ORD
279.0,BUF,PHL
1912.0,BUF,PHX
1144.0,BUF,RSW
1053.0,BUF,TPA
1941.0,BUR,ATL
1791.0,BUR,BNA
2601.0,BUR,BOS
1243.0,BUR,DAL
850.0,BUR,DEN
1231.0,BUR,DFW
1389.0,BUR,HOU
2465.0,BUR,JFK
223.0,BUR,LAS
1740.0,BUR,MDW
325.0,BUR,OAK
817.0,BUR,PDX
369.0,BUR,PHX
937.0,BUR,SEA
326.0,BUR,SFO
296.0,BUR,SJC
574.0,BUR,SLC
358.0,BUR,SMF
1670.0,BWI,ABQ
289.0,BWI,ALB
577.0,BWI,ATL
1342.0,BWI,AUS
414.0,BWI,AVL
283.0,BWI,BDL
682.0,BWI,BHM
587.0,BWI,BNA
369.0,BWI,BOS
281.0,BWI,BUF
472.0,BWI,CHS
314.0,BWI,CLE
361.0,BWI,CLT
337.0,BWI,CMH
430.0,BWI,CVG
1209.0,BWI,DAL
1491.0,BWI,DEN
1217.0,BWI,DFW
409.0,BWI,DTW
925.0,BWI,FLL
528.0,BWI,GRR
426.0,BWI,GSP
1246.0,BWI,HOU
1235.0,BWI,IAH
516.0,BWI,IND
220.0,BWI,ISP
663.0,BWI,JAX
184.0,BWI,JFK
2106.0,BWI,LAS
2329.0,BWI,LAX
967.0,BWI,MCI
787.0,BWI,MCO
611.0,BWI,MDW
787.0,BWI,MEM
377.0,BWI,MHT
946.0,BWI,MIA
641.0,BWI,MKE
936.0,BWI,MSP
998.0,BWI,MSY
399.0,BWI,MYR
2447.0,BWI,OAK
1180.0,BWI,OKC
621.0,BWI,ORD
159.0,BWI,ORF
883.0,BWI,PBI
90.0,BWI,PHL
1999.0,BWI,PHX
210.0,BWI,PIT
327.0,BWI,PVD
452.0,BWI,PWM
255.0,BWI,RDU
277.0,BWI,ROC
919.0,BWI,RSW
2295.0,BWI,SAN
1407.0,BWI,SAT
549.0,BWI,SAV
495.0,BWI,SDF
2335.0,BWI,SEA
2457.0,BWI,SFO
2439.0,BWI,SJC
1565.0,BWI,SJU
1865.0,BWI,SLC
2395.0,BWI,SMF
880.0,BWI,SRQ
738.0,BWI,STL
842.0,BWI,TPA
819.0,BWI,VPS
1640.0,BZN,ATL
861.0,BZN,AZA
524.0,BZN,DEN
1163.0,BZN,DFW
1400.0,BZN,DTW
1882.0,BZN,EWR
1385.0,BZN,IAH
701.0,BZN,LAS
902.0,BZN,LAX
904.0,BZN,LGB
874.0,BZN,MSP
1186.0,BZN,ORD
543.0,BZN,SEA
807.0,BZN,SFO
347.0,BZN,SLC
192.0,CAE,ATL
88.0,CAE,CLT
408.0,CAE,DCA
922.0,CAE,DFW
401.0,CAE,IAD
878.0,CAE,IAH
617.0,CAE,LGA
563.0,CAE,MIA
528.0,CAK,ATL
394.0,CAK,CLT
274.0,CAK,DCA
382.0,CAK,EWR
1085.0,CAK,IAH
397.0,CAK,LGA
861.0,CAK,MCO
343.0,CAK,ORD
335.0,CAK,PHL
991.0,CAK,RSW
894.0,CAK,TPA
221.0,CDC,SLC
160.0,CDV,ANC
213.0,CDV,YAK
339.0,CGI,ORD
45.0,CGI,PAH
207.0,CGI,
106.0,CHA,ATL
241.0,CHA,CLT
523.0,CHA,DCA
695.0,CHA,DFW
505.0,CHA,DTW
506.0,CHA,IAD
734.0,CHA,LGA
500.0,CHA,ORD
641.0,CHA,PHL
513.0,CHA,PIE
490.0,CHA,SFB
457.0,CHO,ATL
245.0,CHO,CLT
305.0,CHO,LGA
566.0,CHO,ORD
259.0,CHS,ATL
439.0,CHS,BNA
818.0,CHS,BOS
472.0,CHS,BWI
168.0,CHS,CLT
497.0,CHS,CVG
977.0,CHS,DAL
444.0,CHS,DCA
1449.0,CHS,DEN
987.0,CHS,DFW
667.0,CHS,DTW
628.0,CHS,EWR
470.0,CHS,FLL
928.0,CHS,HOU
441.0,CHS,IAD
925.0,CHS,IAH
636.0,CHS,JFK
641.0,CHS,LGA
745.0,CHS,MDW
489.0,CHS,MIA
760.0,CHS,ORD
428.0,CHS,PGD
550.0,CHS,PHL
524.0,CHS,PIT
2415.0,CHS,SEA
694.0,CID,ATL
1240.0,CID,AZA
742.0,CID,CLT
692.0,CID,DEN
685.0,CID,DFW
430.0,CID,DTW
1319.0,CID,LAS
220.0,CID,MSP
196.0,CID,ORD
1170.0,CID,PGD
1252.0,CID,PHX
1090.0,CID,PIE
1078.0,CID,SFB
284.0,CIU,DTW
435.0,CIU,MSP
151.0,CKB,IAD
444.0,CKB,ORD
727.0,CKB,SFB
554.0,CLE,ATL
476.0,CLE,BDL
448.0,CLE,BNA
563.0,CLE,BOS
314.0,CLE,BWI
430.0,CLE,CLT
1015.0,CLE,DAL
310.0,CLE,DCA
1201.0,CLE,DEN
1021.0,CLE,DFW
95.0,CLE,DTW
404.0,CLE,EWR
1062.0,CLE,FLL
288.0,CLE,IAD
1091.0,CLE,IAH
425.0,CLE,JFK
1824.0,CLE,LAS
2052.0,CLE,LAX
419.0,CLE,LGA
895.0,CLE,MCO
307.0,CLE,MDW
1080.0,CLE,MIA
328.0,CLE,MKE
622.0,CLE,MSP
917.0,CLE,MSY
315.0,CLE,ORD
1020.0,CLE,PBI
999.0,CLE,PGD
363.0,CLE,PHL
1737.0,CLE,PHX
932.0,CLE,PIE
1025.0,CLE,RSW
2026.0,CLE,SAN
641.0,CLE,SAV
2161.0,CLE,SFO
1565.0,CLE,SLC
967.0,CLE,SRQ
487.0,CLE,STL
927.0,CLE,TPA
164.0,CLL,DFW
74.0,CLL,IAH
481.0,CLT,ABE
140.0,CLT,AGS
646.0,CLT,ALB
226.0,CLT,ATL
1032.0,CLT,AUS
91.0,CLT,AVL
509.0,CLT,AVP
644.0,CLT,BDL
350.0,CLT,BHM
328.0,CLT,BNA
728.0,CLT,BOS
675.0,CLT,BTR
761.0,CLT,BTV
546.0,CLT,BUF
361.0,CLT,BWI
88.0,CLT,CAE
394.0,CLT,CAK
241.0,CLT,CHA
245.0,CLT,CHO
168.0,CLT,CHS
742.0,CLT,CID
430.0,CLT,CLE
347.0,CLT,CMH
522.0,CLT,CMI
221.0,CLT,CRW
335.0,CLT,CVG
416.0,CLT,DAB
926.0,CLT,DAL
370.0,CLT,DAY
331.0,CLT,DCA
1337.0,CLT,DEN
936.0,CLT,DFW
815.0,CLT,DSM
500.0,CLT,DTW
437.0,CLT,ECP
414.0,CLT,EVV
221.0,CLT,EWN
529.0,CLT,EWR
736.0,CLT,EYW
118.0,CLT,FAY
632.0,CLT,FLL
555.0,CLT,FNT
460.0,CLT,FWA
388.0,CLT,GNV
577.0,CLT,GPT
583.0,CLT,GRR
83.0,CLT,GSO
75.0,CLT,GSP
207.0,CLT,HHH
920.0,CLT,HOU
564.0,CLT,HPN
333.0,CLT,HSV
605.0,CLT,
322.0,CLT,IAD
912.0,CLT,IAH
185.0,CLT,ILM
427.0,CLT,IND
557.0,CLT,ITH
562.0,CLT,JAN
328.0,CLT,JAX
541.0,CLT,JFK
1916.0,CLT,LAS
2125.0,CLT,LAX
281.0,CLT,LEX
544.0,CLT,LGA
640.0,CLT,LIT
175.0,CLT,
808.0,CLT,MCI
468.0,CLT,MCO
413.0,CLT,MDT
584.0,CLT,MDW
511.0,CLT,MEM
737.0,CLT,MHT
650.0,CLT,MIA
651.0,CLT,MKE
490.0,CLT,MLB
526.0,CLT,MOB
708.0,CLT,MSN
930.0,CLT,MSP
651.0,CLT,MSY
1505.0,CLT,MTJ
157.0,CLT,MYR
191.0,CLT,OAJ
940.0,CLT,OKC
913.0,CLT,OMA
599.0,CLT,ORD
290.0,CLT,ORF
590.0,CLT,PBI
2282.0,CLT,PDX
282.0,CLT,PHF
449.0,CLT,PHL
1773.0,CLT,PHX
607.0,CLT,PIA
366.0,CLT,PIT
488.0,CLT,PNS
683.0,CLT,PVD
813.0,CLT,PWM
130.0,CLT,RDU
257.0,CLT,RIC
155.0,CLT,ROA
573.0,CLT,ROC
600.0,CLT,RSW
2077.0,CLT,SAN
1095.0,CLT,SAT
213.0,CLT,SAV
534.0,CLT,SBN
335.0,CLT,SDF
2279.0,CLT,SEA
2296.0,CLT,SFO
708.0,CLT,SGF
764.0,CLT,SHV
1475.0,CLT,SJU
1727.0,CLT,SLC
2244.0,CLT,SMF
547.0,CLT,SRQ
575.0,CLT,STL
1520.0,CLT,STT
1562.0,CLT,STX
603.0,CLT,SYR
386.0,CLT,TLH
466.0,CLT,TOL
507.0,CLT,TPA
119.0,CLT,PSC
484.0,CLT,TTN
842.0,CLT,TUL
1735.0,CLT,TUS
177.0,CLT,TYS
460.0,CLT,VPS
754.0,CLT,XNA
447.0,CMH,ATL
1073.0,CMH,AUS
337.0,CMH,BNA
640.0,CMH,BOS
337.0,CMH,BWI
347.0,CMH,CLT
919.0,CMH,DAL
323.0,CMH,DCA
1154.0,CMH,DEN
926.0,CMH,DFW
155.0,CMH,DTW
463.0,CMH,EWR
973.0,CMH,FLL
1001.0,CMH,HOU
299.0,CMH,IAD
986.0,CMH,IAH
483.0,CMH,JFK
1771.0,CMH,LAS
1995.0,CMH,LAX
479.0,CMH,LGA
802.0,CMH,MCO
283.0,CMH,MDW
990.0,CMH,MIA
626.0,CMH,MSP
806.0,CMH,MSY
2110.0,CMH,OAK
296.0,CMH,ORD
932.0,CMH,PBI
406.0,CMH,PHL
1670.0,CMH,PHX
362.0,CMH,RDU
930.0,CMH,RSW
2016.0,CMH,SEA
2120.0,CMH,SFO
1528.0,CMH,SLC
409.0,CMH,STL
829.0,CMH,TPA
522.0,CMI,CLT
692.0,CMI,DFW
135.0,CMI,ORD
360.0,CMX,ORD
283.0,CNY,DEN
391.0,COD,DEN
1184.0,COS,ATL
73.0,COS,DEN
592.0,COS,DFW
809.0,COS,IAH
604.0,COS,LAS
833.0,COS,LAX
1520.0,COS,MCO
911.0,COS,ORD
551.0,COS,PHX
411.0,COS,SLC
671.0,COU,DEN
489.0,COU,DFW
315.0,COU,ORD
230.0,CPR,DEN
188.0,CPR,RAP
320.0,CPR,SLC
352.0,CRP,DAL
354.0,CRP,DFW
187.0,CRP,HOU
201.0,CRP,IAH
363.0,CRW,ATL
221.0,CRW,CLT
249.0,CRW,DCA
975.0,CRW,IAH
416.0,CRW,ORD
356.0,CRW,PHL
357.0,CRW,PHL
83.0,CSG,ATL
373.0,CVG,ATL
958.0,CVG,AUS
1553.0,CVG,AZA
661.0,CVG,BDL
752.0,CVG,BOS
430.0,CVG,BWI
497.0,CVG,CHS
335.0,CVG,CLT
411.0,CVG,DCA
1069.0,CVG,DEN
812.0,CVG,DFW
229.0,CVG,DTW
569.0,CVG,EWR
932.0,CVG,FLL
388.0,CVG,IAD
871.0,CVG,IAH
613.0,CVG,JAX
589.0,CVG,JFK
1678.0,CVG,LAS
1900.0,CVG,LAX
585.0,CVG,LGA
539.0,CVG,MCI
757.0,CVG,MCO
249.0,CVG,MDW
948.0,CVG,MIA
596.0,CVG,MSP
701.0,CVG,MSY
264.0,CVG,ORD
892.0,CVG,PBI
850.0,CVG,PGD
507.0,CVG,PHL
1569.0,CVG,PHX
776.0,CVG,PIE
390.0,CVG,RDU
879.0,CVG,RSW
1865.0,CVG,SAN
1024.0,CVG,SAT
515.0,CVG,SAV
1965.0,CVG,SEA
735.0,CVG,SFB
2036.0,CVG,SFO
1808.0,CVG,SJU
1450.0,CVG,SLC
812.0,CVG,SRQ
308.0,CVG,STL
773.0,CVG,TPA
600.0,CVG,VPS
363.0,CWA,DTW
175.0,CWA,MSP
213.0,CWA,ORD
713.0,CYS,DFW
366.0,DAB,ATL
416.0,DAB,CLT
891.0,DAB,JFK
897.0,DAB,LGA
580.0,DAL,ABQ
323.0,DAL,AMA
721.0,DAL,ATL
189.0,DAL,AUS
587.0,DAL,BHM
623.0,DAL,BNA
1554.0,DAL,BOS
1243.0,DAL,BUR
1209.0,DAL,BWI
977.0,DAL,CHS
1015.0,DAL,CLE
926.0,DAL,CLT
919.0,DAL,CMH
352.0,DAL,CRP
1184.0,DAL,DCA
651.0,DAL,DEN
981.0,DAL,DTW
674.0,DAL,ECP
562.0,DAL,ELP
1108.0,DAL,FLL
239.0,DAL,HOU
458.0,DAL,HRL
755.0,DAL,IND
907.0,DAL,JAX
1067.0,DAL,LAS
1246.0,DAL,LAX
293.0,DAL,LBB
1381.0,DAL,LGA
296.0,DAL,LIT
319.0,DAL,MAF
461.0,DAL,MCI
973.0,DAL,MCO
793.0,DAL,MDW
423.0,DAL,MEM
850.0,DAL,MKE
853.0,DAL,MSP
436.0,DAL,MSY
1468.0,DAL,OAK
181.0,DAL,OKC
586.0,DAL,OMA
1200.0,DAL,ONT
1626.0,DAL,PDX
1295.0,DAL,PHL
879.0,DAL,PHX
1060.0,DAL,PIT
1052.0,DAL,RDU
1356.0,DAL,RNO
1005.0,DAL,RSW
1182.0,DAL,SAN
247.0,DAL,SAT
725.0,DAL,SDF
1670.0,DAL,SEA
1476.0,DAL,SFO
1450.0,DAL,SJC
999.0,DAL,SLC
1442.0,DAL,SMF
1216.0,DAL,SNA
546.0,DAL,STL
917.0,DAL,TPA
238.0,DAL,TUL
824.0,DAL,TUS
432.0,DAY,ATL
370.0,DAY,CLT
391.0,DAY,DCA
1085.0,DAY,DEN
861.0,DAY,DFW
166.0,DAY,DTW
533.0,DAY,EWR
368.0,DAY,IAD
929.0,DAY,IAH
549.0,DAY,LGA
574.0,DAY,MSP
240.0,DAY,ORD
904.0,DAY,PGD
477.0,DAY,PHL
831.0,DAY,PIE
147.0,DBQ,ORD
468.0,DCA,AGS
318.0,DCA,ALB
547.0,DCA,ATL
1315.0,DCA,AUS
313.0,DCA,BDL
590.0,DCA,BGR
653.0,DCA,BHM
562.0,DCA,BNA
399.0,DCA,BOS
985.0,DCA,BTR
437.0,DCA,BTV
296.0,DCA,BUF
408.0,DCA,CAE
274.0,DCA,CAK
523.0,DCA,CHA
444.0,DCA,CHS
310.0,DCA,CLE
331.0,DCA,CLT
323.0,DCA,CMH
249.0,DCA,CRW
411.0,DCA,CVG
1184.0,DCA,DAL
391.0,DCA,DAY
1476.0,DCA,DEN
1192.0,DCA,DFW
897.0,DCA,DSM
405.0,DCA,DTW
769.0,DCA,ECP
199.0,DCA,EWR
1023.0,DCA,EYW
899.0,DCA,FLL
524.0,DCA,GRR
248.0,DCA,GSO
396.0,DCA,GSP
1218.0,DCA,HOU
234.0,DCA,HPN
613.0,DCA,HSV
1208.0,DCA,IAH
319.0,DCA,ILM
500.0,DCA,IND
860.0,DCA,JAN
634.0,DCA,JAX
213.0,DCA,JFK
479.0,DCA,LAN
2089.0,DCA,LAS
2311.0,DCA,LAX
414.0,DCA,LEX
214.0,DCA,LGA
888.0,DCA,LIT
949.0,DCA,MCI
759.0,DCA,MCO
601.0,DCA,MDW
762.0,DCA,MEM
693.0,DCA,MGM
406.0,DCA,MHT
919.0,DCA,MIA
634.0,DCA,MKE
707.0,DCA,MSN
931.0,DCA,MSP
969.0,DCA,MSY
372.0,DCA,MYR
1158.0,DCA,OKC
1012.0,DCA,OMA
612.0,DCA,ORD
142.0,DCA,ORF
857.0,DCA,PBI
2350.0,DCA,PDX
119.0,DCA,PHL
1979.0,DCA,PHX
204.0,DCA,PIT
816.0,DCA,PNS
356.0,DCA,PVD
482.0,DCA,PWM
227.0,DCA,RDU
296.0,DCA,ROC
892.0,DCA,RSW
519.0,DCA,SAV
474.0,DCA,SDF
2329.0,DCA,SEA
2442.0,DCA,SFO
1554.0,DCA,SJU
1851.0,DCA,SLC
851.0,DCA,SRQ
719.0,DCA,STL
298.0,DCA,SYR
716.0,DCA,TLH
814.0,DCA,TPA
437.0,DCA,TYS
789.0,DCA,VPS
963.0,DCA,XNA
349.0,DEN,ABQ
1026.0,DEN,ACV
1610.0,DEN,ALB
359.0,DEN,AMA
2405.0,DEN,ANC
125.0,DEN,ASE
1199.0,DEN,ATL
519.0,DEN,ATY
775.0,DEN,AUS
1248.0,DEN,AVL
1671.0,DEN,BDL
150.0,DEN,BFF
845.0,DEN,BFL
1132.0,DEN,
1083.0,DEN,BHM
455.0,DEN,BIL
516.0,DEN,BIS
1014.0,DEN,BNA
649.0,DEN,BOI
1754.0,DEN,BOS
1359.0,DEN,BUF
850.0,DEN,BUR
1491.0,DEN,BWI
524.0,DEN,BZN
1449.0,DEN,CHS
692.0,DEN,CID
1201.0,DEN,CLE
1337.0,DEN,CLT
1154.0,DEN,CMH
283.0,DEN,CNY
391.0,DEN,COD
73.0,DEN,COS
671.0,DEN,COU
230.0,DEN,CPR
1069.0,DEN,CVG
651.0,DEN,DAL
1085.0,DEN,DAY
1476.0,DEN,DCA
641.0,DEN,DFW
250.0,DEN,DRO
251.0,DEN,DRO
589.0,DEN,DSM
1123.0,DEN,DTW
305.0,DEN,EAR
120.0,DEN,EGE
563.0,DEN,ELP
996.0,DEN,EUG
1605.0,DEN,EWR
627.0,DEN,FAR
844.0,DEN,FAT
752.0,DEN,FCA
1703.0,DEN,FLL
483.0,DEN,FSD
313.0,DEN,GCC
836.0,DEN,GEG
212.0,DEN,GJT
1015.0,DEN,GRR
1278.0,DEN,GSP
623.0,DEN,GTF
141.0,DEN,HDN
3365.0,DEN,HNL
501.0,DEN,HOB
883.0,DEN,HOU
1023.0,DEN,HRL
1048.0,DEN,HSV
298.0,DEN,HYS
1452.0,DEN,IAD
862.0,DEN,IAH
420.0,DEN,ICT
458.0,DEN,IDA
977.0,DEN,IND
576.0,DEN,
406.0,DEN,JAC
967.0,DEN,JAN
1447.0,DEN,JAX
1626.0,DEN,JFK
573.0,DEN,JMS
3329.0,DEN,KOA
113.0,DEN,LAR
628.0,DEN,LAS
862.0,DEN,LAX
456.0,DEN,LBB
228.0,DEN,LBF
280.0,DEN,LBL
978.0,DEN,LFT
1620.0,DEN,LGA
854.0,DEN,LGB
3414.0,DEN,LIH
771.0,DEN,LIT
423.0,DEN,LNK
563.0,DEN,MAF
533.0,DEN,MCI
1546.0,DEN,MCO
895.0,DEN,MDW
872.0,DEN,MEM
964.0,DEN,MFR
1709.0,DEN,MIA
896.0,DEN,MKE
752.0,DEN,MLI
780.0,DEN,
604.0,DEN,MOT
959.0,DEN,MRY
826.0,DEN,MSN
679.0,DEN,MSO
680.0,DEN,MSP
1062.0,DEN,MSY
196.0,DEN,MTJ
957.0,DEN,OAK
3302.0,DEN,OGG
495.0,DEN,OKC
472.0,DEN,OMA
819.0,DEN,ONT
888.0,DEN,ORD
1553.0,DEN,ORF
1036.0,DEN,PAE
991.0,DEN,PDX
1558.0,DEN,PHL
602.0,DEN,PHX
385.0,DEN,PIR
1290.0,DEN,PIT
1179.0,DEN,PNS
557.0,DEN,PRC
852.0,DEN,PSC
776.0,DEN,PSP
109.0,DEN,PUB
300.0,DEN,RAP
898.0,DEN,RDM
1436.0,DEN,RDU
1482.0,DEN,RIC
296.0,DEN,RIW
260.0,DEN,RKS
804.0,DEN,RNO
1607.0,DEN,RSW
853.0,DEN,SAN
794.0,DEN,SAT
1414.0,DEN,SAV
916.0,DEN,SBA
931.0,DEN,SBP
1024.0,DEN,SDF
1024.0,DEN,SEA
967.0,DEN,SFO
637.0,DEN,SGF
517.0,DEN,SGU
359.0,DEN,SHR
792.0,DEN,SHV
948.0,DEN,SJC
391.0,DEN,SLC
909.0,DEN,SMF
846.0,DEN,SNA
770.0,DEN,STL
977.0,DEN,STS
557.0,DEN,SUN
1492.0,DEN,SYR
1506.0,DEN,TPA
541.0,DEN,TUL
639.0,DEN,TUS
732.0,DEN,TYR
1162.0,DEN,TYS
259.0,DEN,VEL
616.0,DEN,XNA
582.0,DEN,XWA
158.0,DFW,ABI
569.0,DFW,ABQ
89.0,DFW,ACT
285.0,DFW,AEX
874.0,DFW,AGS
312.0,DFW,AMA
701.0,DFW,ASE
731.0,DFW,ATL
190.0,DFW,AUS
848.0,DFW,AVL
1471.0,DFW,BDL
1271.0,DFW,BFL
597.0,DFW,BHM
1081.0,DFW,BIL
977.0,DFW,BIS
690.0,DFW,BMI
631.0,DFW,BNA
1272.0,DFW,BOI
1562.0,DFW,BOS
270.0,DFW,BPT
482.0,DFW,BRO
383.0,DFW,BTR
1212.0,DFW,BUF
1231.0,DFW,BUR
1217.0,DFW,BWI
1163.0,DFW,BZN
922.0,DFW,CAE
695.0,DFW,CHA
987.0,DFW,CHS
685.0,DFW,CID
1021.0,DFW,CLE
164.0,DFW,CLL
936.0,DFW,CLT
926.0,DFW,CMH
692.0,DFW,CMI
592.0,DFW,COS
489.0,DFW,COU
354.0,DFW,CRP
812.0,DFW,CVG
713.0,DFW,CYS
861.0,DFW,DAY
1192.0,DFW,DCA
641.0,DFW,DEN
674.0,DFW,DRO
335.0,DFW,DRT
624.0,DFW,DSM
986.0,DFW,DTW
685.0,DFW,ECP
721.0,DFW,EGE
551.0,DFW,ELP
642.0,DFW,EVV
1372.0,DFW,EWR
1089.0,DFW,EYW
968.0,DFW,FAR
1313.0,DFW,FAT
853.0,DFW,FLG
1119.0,DFW,FLL
737.0,DFW,FSD
227.0,DFW,FSM
859.0,DFW,FWA
404.0,DFW,GCK
1477.0,DFW,GEG
140.0,DFW,GGG
773.0,DFW,GJT
900.0,DFW,GNV
500.0,DFW,GPT
561.0,DFW,GRI
134.0,DFW,GRK
931.0,DFW,GRR
999.0,DFW,GSO
862.0,DFW,GSP
678.0,DFW,GUC
769.0,DFW,HDN
3784.0,DFW,HNL
247.0,DFW,HOU
461.0,DFW,HRL
603.0,DFW,HSV
1172.0,DFW,IAD
224.0,DFW,IAH
328.0,DFW,ICT
1106.0,DFW,ILM
761.0,DFW,IND
1047.0,DFW,JAC
408.0,DFW,JAN
918.0,DFW,JAX
1391.0,DFW,JFK
327.0,DFW,JLN
3724.0,DFW,KOA
1055.0,DFW,LAS
140.0,DFW,LAW
1235.0,DFW,LAX
282.0,DFW,LBB
295.0,DFW,LCH
785.0,DFW,LEX
351.0,DFW,LFT
1389.0,DFW,LGA
304.0,DFW,LIT
396.0,DFW,LRD
309.0,DFW,MAF
460.0,DFW,MCI
985.0,DFW,MCO
1231.0,DFW,MDT
485.0,DFW,MEI
431.0,DFW,MEM
469.0,DFW,MFE
622.0,DFW,MGM
431.0,DFW,MHK
1121.0,DFW,MIA
853.0,DFW,MKE
691.0,DFW,MLI
293.0,DFW,MLU
539.0,DFW,MOB
1430.0,DFW,MRY
821.0,DFW,MSN
1320.0,DFW,MSO
852.0,DFW,MSP
447.0,DFW,MSY
722.0,DFW,MTJ
1457.0,DFW,OAK
3711.0,DFW,OGG
175.0,DFW,OKC
583.0,DFW,OMA
1188.0,DFW,ONT
801.0,DFW,ORD
1212.0,DFW,ORF
1102.0,DFW,PBI
1616.0,DFW,PDX
1303.0,DFW,PHL
868.0,DFW,PHX
672.0,DFW,PIA
462.0,DFW,PIB
1067.0,DFW,PIT
604.0,DFW,PNS
1126.0,DFW,PSP
835.0,DFW,RAP
1061.0,DFW,RDU
1158.0,DFW,RIC
1345.0,DFW,RNO
435.0,DFW,ROW
1017.0,DFW,RSW
551.0,DFW,SAF
1171.0,DFW,SAN
247.0,DFW,SAT
925.0,DFW,SAV
1316.0,DFW,SBA
846.0,DFW,SBN
1360.0,DFW,SBP
733.0,DFW,SDF
1660.0,DFW,SEA
1464.0,DFW,SFO
364.0,DFW,SGF
976.0,DFW,SGU
190.0,DFW,SHV
1438.0,DFW,SJC
229.0,DFW,SJT
2165.0,DFW,SJU
989.0,DFW,SLC
1431.0,DFW,SMF
1205.0,DFW,SNA
630.0,DFW,SPI
113.0,DFW,SPS
945.0,DFW,SRQ
550.0,DFW,STL
1495.0,DFW,STS
2225.0,DFW,STT
657.0,DFW,SUX
225.0,DFW,SWO
767.0,DFW,TLH
929.0,DFW,TPA
868.0,DFW,PSC
237.0,DFW,TUL
813.0,DFW,TUS
181.0,DFW,TXK
102.0,DFW,TYR
771.0,DFW,TYS
641.0,DFW,VPS
280.0,DFW,XNA
1022.0,DFW,YUM
170.0,DHN,ATL
472.0,DLH,LNK
144.0,DLH,MSP
397.0,DLH,ORD
250.0,DRO,DEN
251.0,DRO,DEN
674.0,DRO,DFW
869.0,DRO,IAH
351.0,DRO,PHX
353.0,DRO,PHX
335.0,DRT,DFW
743.0,DSM,ATL
1137.0,DSM,AZA
815.0,DSM,CLT
897.0,DSM,DCA
589.0,DSM,DEN
624.0,DSM,DFW
534.0,DSM,DTW
802.0,DSM,IAH
1216.0,DSM,LAS
1031.0,DSM,LGA
1141.0,DSM,MCO
232.0,DSM,MSP
299.0,DSM,ORD
1206.0,DSM,PGD
972.0,DSM,PHL
1149.0,DSM,PHX
1126.0,DSM,PIE
1124.0,DSM,SFB
955.0,DSM,SLC
1160.0,DSM,SRQ
259.0,DSM,STL
425.0,DTW,ABE
489.0,DTW,ALB
198.0,DTW,APN
594.0,DTW,ATL
296.0,DTW,ATW
1149.0,DTW,AUS
399.0,DTW,AVP
113.0,DTW,AZO
549.0,DTW,BDL
378.0,DTW,BGM
625.0,DTW,BHM
456.0,DTW,BNA
632.0,DTW,BOS
537.0,DTW,BTV
241.0,DTW,BUF
409.0,DTW,BWI
1400.0,DTW,BZN
505.0,DTW,CHA
667.0,DTW,CHS
430.0,DTW,CID
284.0,DTW,CIU
95.0,DTW,CLE
500.0,DTW,CLT
155.0,DTW,CMH
229.0,DTW,CVG
363.0,DTW,CWA
981.0,DTW,DAL
166.0,DTW,DAY
405.0,DTW,DCA
1123.0,DTW,DEN
986.0,DTW,DFW
534.0,DTW,DSM
332.0,DTW,ELM
164.0,DTW,ERI
306.0,DTW,ESC
363.0,DTW,EVV
488.0,DTW,EWR
1127.0,DTW,FLL
128.0,DTW,FWA
287.0,DTW,GRB
120.0,DTW,GRR
460.0,DTW,GSO
508.0,DTW,GSP
4475.0,DTW,HNL
505.0,DTW,HPN
554.0,DTW,HSV
383.0,DTW,IAD
1075.0,DTW,IAH
344.0,DTW,IMT
231.0,DTW,IND
353.0,DTW,ITH
813.0,DTW,JAX
509.0,DTW,JFK
74.0,DTW,LAN
1749.0,DTW,LAS
1979.0,DTW,LAX
296.0,DTW,LEX
502.0,DTW,LGA
416.0,DTW,LSE
98.0,DTW,MBS
629.0,DTW,MCI
957.0,DTW,MCO
371.0,DTW,MDT
228.0,DTW,MDW
610.0,DTW,MEM
610.0,DTW,MHT
1145.0,DTW,MIA
237.0,DTW,MKE
373.0,DTW,MLI
349.0,DTW,MQT
311.0,DTW,MSN
528.0,DTW,MSP
926.0,DTW,MSY
900.0,DTW,OKC
651.0,DTW,OMA
235.0,DTW,ORD
529.0,DTW,ORF
588.0,DTW,ORH
1086.0,DTW,PBI
1953.0,DTW,PDX
453.0,DTW,PHL
1671.0,DTW,PHX
201.0,DTW,PIT
243.0,DTW,PLN
615.0,DTW,PVD
668.0,DTW,PWM
501.0,DTW,RDU
456.0,DTW,RIC
296.0,DTW,ROC
1084.0,DTW,RSW
1956.0,DTW,SAN
1214.0,DTW,SAT
705.0,DTW,SAV
157.0,DTW,SBN
301.0,DTW,SCE
306.0,DTW,SDF
1927.0,DTW,SEA
2079.0,DTW,SFO
2062.0,DTW,SJC
1930.0,DTW,SJU
1481.0,DTW,SLC
2013.0,DTW,SMF
1960.0,DTW,SNA
1022.0,DTW,SRQ
440.0,DTW,STL
479.0,DTW,SWF
374.0,DTW,SYR
983.0,DTW,TPA
207.0,DTW,TVC
443.0,DTW,TYS
638.0,DVL,DEN
83.0,DVL,JMS
305.0,EAR,DEN
583.0,EAR,ORD
269.0,EAU,ORD
240.0,ECP,ATL
401.0,ECP,BNA
437.0,ECP,CLT
674.0,ECP,DAL
769.0,ECP,DCA
685.0,ECP,DFW
571.0,ECP,HOU
572.0,ECP,IAH
1312.0,EGE,ATL
120.0,EGE,DEN
721.0,EGE,DFW
1725.0,EGE,EWR
1573.0,EGE,IAD
934.0,EGE,IAH
1746.0,EGE,JFK
748.0,EGE,LAX
1739.0,EGE,LGA
1810.0,EGE,MIA
1007.0,EGE,ORD
1678.0,EGE,PHL
513.0,EGE,PHX
847.0,EGE,SFO
279.0,EGE,SLC
200.0,EKO,SLC
717.0,ELM,ATL
332.0,ELM,DTW
1090.0,ELM,PGD
1035.0,ELM,PIE
954.0,ELM,SFB
1282.0,ELP,ATL
528.0,ELP,AUS
562.0,ELP,DAL
563.0,ELP,DEN
551.0,ELP,DFW
677.0,ELP,HOU
667.0,ELP,IAH
583.0,ELP,LAS
715.0,ELP,LAX
1236.0,ELP,ORD
347.0,ELP,PHX
636.0,ELP,SAN
496.0,ELP,SAT
964.0,ELP,SJC
693.0,ELP,SLC
164.0,ERI,DTW
398.0,ERI,ORD
306.0,ESC,DTW
971.0,EUG,AZA
996.0,EUG,DEN
700.0,EUG,LAS
748.0,EUG,LAX
445.0,EUG,OAK
1780.0,EUG,ORD
952.0,EUG,PHX
234.0,EUG,SEA
451.0,EUG,SFO
618.0,EUG,SLC
350.0,EVV,ATL
414.0,EVV,CLT
642.0,EVV,DFW
363.0,EVV,DTW
272.0,EVV,ORD
734.0,EVV,SFB
433.0,EWN,ATL
221.0,EWN,CLT
143.0,EWR,ALB
746.0,EWR,ATL
1504.0,EWR,AUS
583.0,EWR,AVL
393.0,EWR,BGR
748.0,EWR,BNA
200.0,EWR,BOS
1585.0,EWR,BQN
266.0,EWR,BTV
282.0,EWR,BUF
1882.0,EWR,BZN
382.0,EWR,CAK
628.0,EWR,CHS
404.0,EWR,CLE
529.0,EWR,CLT
463.0,EWR,CMH
569.0,EWR,CVG
533.0,EWR,DAY
199.0,EWR,DCA
1605.0,EWR,DEN
1372.0,EWR,DFW
488.0,EWR,DTW
1725.0,EWR,EGE
1196.0,EWR,EYW
1065.0,EWR,FLL
605.0,EWR,GRR
445.0,EWR,GSO
594.0,EWR,GSP
1728.0,EWR,HDN
4962.0,EWR,HNL
212.0,EWR,IAD
1400.0,EWR,IAH
645.0,EWR,IND
1874.0,EWR,JAC
820.0,EWR,JAX
2227.0,EWR,LAS
2454.0,EWR,LAX
588.0,EWR,LEX
1092.0,EWR,MCI
937.0,EWR,MCO
711.0,EWR,MDW
946.0,EWR,MEM
209.0,EWR,MHT
1085.0,EWR,MIA
725.0,EWR,MKE
799.0,EWR,MSN
1008.0,EWR,MSP
1167.0,EWR,MSY
1795.0,EWR,MTJ
550.0,EWR,MYR
2555.0,EWR,OAK
1325.0,EWR,OKC
1134.0,EWR,OMA
719.0,EWR,ORD
284.0,EWR,ORF
1023.0,EWR,PBI
2434.0,EWR,PDX
2133.0,EWR,PHX
319.0,EWR,PIT
2358.0,EWR,PSP
160.0,EWR,PVD
284.0,EWR,PWM
416.0,EWR,RDU
277.0,EWR,RIC
246.0,EWR,ROC
1068.0,EWR,RSW
2425.0,EWR,SAN
1569.0,EWR,SAT
708.0,EWR,SAV
637.0,EWR,SBN
642.0,EWR,SDF
2402.0,EWR,SEA
2565.0,EWR,SFO
2548.0,EWR,SJC
1608.0,EWR,SJU
1969.0,EWR,SLC
2500.0,EWR,SMF
2434.0,EWR,SNA
1034.0,EWR,SRQ
872.0,EWR,STL
1634.0,EWR,STT
195.0,EWR,SYR
997.0,EWR,TPA
631.0,EWR,TYS
988.0,EWR,VPS
1131.0,EWR,XNA
646.0,EYW,ATL
736.0,EYW,CLT
1023.0,EYW,DCA
1089.0,EYW,DFW
1196.0,EYW,EWR
1207.0,EYW,LGA
125.0,EYW,MIA
126.0,EYW,MIA
1251.0,EYW,ORD
1121.0,EYW,PHL
261.0,FAI,ANC
373.0,FAI,SCC
1533.0,FAI,SEA
1123.0,FAR,ATL
1220.0,FAR,AZA
627.0,FAR,DEN
968.0,FAR,DFW
195.0,FAR,INL
1205.0,FAR,LAS
223.0,FAR,MSP
557.0,FAR,ORD
1225.0,FAR,PHX
1508.0,FAR,SFB
844.0,FAT,DEN
1313.0,FAT,DFW
259.0,FAT,LAS
209.0,FAT,LAX
1730.0,FAT,ORD
626.0,FAT,PDX
493.0,FAT,PHX
314.0,FAT,SAN
748.0,FAT,SEA
158.0,FAT,SFO
501.0,FAT,SLC
331.0,FAY,ATL
118.0,FAY,CLT
1044.0,FCA,AZA
752.0,FCA,DEN
845.0,FCA,LAS
1026.0,FCA,MSP
1352.0,FCA,ORD
531.0,FCA,SLC
1027.0,FCA,SNA
853.0,FLG,DFW
119.0,FLG,PHX
1041.0,FLL,ABE
977.0,FLL,ACY
1204.0,FLL,ALB
581.0,FLL,ATL
1105.0,FLL,AUS
660.0,FLL,AVL
1173.0,FLL,BDL
650.0,FLL,BHM
793.0,FLL,BNA
1237.0,FLL,BOS
982.0,FLL,BQN
1166.0,FLL,BUF
925.0,FLL,BWI
470.0,FLL,CHS
1062.0,FLL,CLE
632.0,FLL,CLT
973.0,FLL,CMH
932.0,FLL,CVG
1108.0,FLL,DAL
899.0,FLL,DCA
1703.0,FLL,DEN
1119.0,FLL,DFW
1127.0,FLL,DTW
1065.0,FLL,EWR
1182.0,FLL,FNT
1198.0,FLL,GRR
691.0,FLL,GSO
620.0,FLL,GSP
1843.0,FLL,HDN
957.0,FLL,HOU
1097.0,FLL,HPN
901.0,FLL,IAD
1176.0,FLL,IAG
966.0,FLL,IAH
1005.0,FLL,IND
1092.0,FLL,ISP
319.0,FLL,JAX
1069.0,FLL,JFK
2173.0,FLL,LAS
2343.0,FLL,LAX
980.0,FLL,LBE
961.0,FLL,LCK
865.0,FLL,LEX
1076.0,FLL,LGA
2327.0,FLL,LGB
1242.0,FLL,MCI
177.0,FLL,MCO
1167.0,FLL,MDW
851.0,FLL,MEM
1243.0,FLL,MKE
1487.0,FLL,MSP
674.0,FLL,MSY
529.0,FLL,MYR
1182.0,FLL,ORD
781.0,FLL,ORF
1211.0,FLL,ORH
1334.0,FLL,PBG
992.0,FLL,PHL
1972.0,FLL,PHX
994.0,FLL,PIT
1188.0,FLL,PVD
680.0,FLL,RDU
805.0,FLL,RIC
1183.0,FLL,ROC
2269.0,FLL,SAN
1145.0,FLL,SAT
895.0,FLL,SDF
2717.0,FLL,SEA
2584.0,FLL,SFO
1046.0,FLL,SJU
2084.0,FLL,SLC
1057.0,FLL,STL
1107.0,FLL,STT
1140.0,FLL,STX
1118.0,FLL,SWF
1197.0,FLL,SYR
197.0,FLL,TPA
1026.0,FLL,TTN
708.0,FLL,TYS
643.0,FLL,USA
645.0,FNT,ATL
555.0,FNT,CLT
1182.0,FNT,FLL
223.0,FNT,ORD
1111.0,FNT,PGD
1040.0,FNT,PIE
988.0,FNT,SFB
1075.0,FNT,SRQ
954.0,FSD,ATL
1072.0,FSD,AZA
483.0,FSD,DEN
737.0,FSD,DFW
1104.0,FSD,LAS
196.0,FSD,MSP
463.0,FSD,ORD
1415.0,FSD,PGD
1081.0,FSD,PHX
1334.0,FSD,PIE
1334.0,FSD,SFB
579.0,FSM,ATL
227.0,FSM,DFW
508.0,FWA,ATL
1546.0,FWA,AZA
460.0,FWA,CLT
859.0,FWA,DFW
128.0,FWA,DTW
488.0,FWA,MSP
157.0,FWA,ORD
986.0,FWA,PGD
912.0,FWA,PIE
870.0,FWA,SFB
948.0,FWA,SRQ
313.0,GCC,DEN
404.0,GCK,DFW
287.0,GEG,BOI
836.0,GEG,DEN
1477.0,GEG,DFW
806.0,GEG,LAS
945.0,GEG,LAX
1175.0,GEG,MSP
723.0,GEG,OAK
1498.0,GEG,ORD
279.0,GEG,PDX
1020.0,GEG,PHX
1027.0,GEG,SAN
224.0,GEG,SEA
733.0,GEG,SFO
742.0,GEG,SJC
546.0,GEG,SLC
649.0,GEG,SMF
1260.0,GFK,AZA
186.0,GFK,BIS
1230.0,GFK,LAS
284.0,GFK,MSP
140.0,GGG,DFW
1391.0,GJT,ATL
437.0,GJT,AZA
212.0,GJT,DEN
773.0,GJT,DFW
420.0,GJT,LAS
655.0,GJT,LAX
881.0,GJT,MSP
438.0,GJT,PHX
216.0,GJT,SLC
300.0,GNV,ATL
388.0,GNV,CLT
900.0,GNV,DFW
294.0,GNV,MIA
352.0,GPT,ATL
577.0,GPT,CLT
500.0,GPT,DFW
376.0,GPT,IAH
485.0,GPT,SFB
774.0,GRB,ATL
287.0,GRB,DTW
1169.0,GRB,MCO
252.0,GRB,MSP
174.0,GRB,ORD
905.0,GRI,AZA
561.0,GRI,DFW
971.0,GRI,LAS
134.0,GRK,DFW
166.0,GRK,IAH
640.0,GRR,ATL
1561.0,GRR,AZA
470.0,GRR,BNA
528.0,GRR,BWI
583.0,GRR,CLT
524.0,GRR,DCA
1015.0,GRR,DEN
931.0,GRR,DFW
120.0,GRR,DTW
605.0,GRR,EWR
1198.0,GRR,FLL
1042.0,GRR,IAH
880.0,GRR,JAX
1642.0,GRR,LAS
618.0,GRR,LGA
1024.0,GRR,MCO
137.0,GRR,MDW
1214.0,GRR,MIA
408.0,GRR,MSP
927.0,GRR,MSY
137.0,GRR,ORD
1118.0,GRR,PGD
573.0,GRR,PHL
1574.0,GRR,PHX
1044.0,GRR,PIE
1147.0,GRR,RSW
778.0,GRR,SAV
1001.0,GRR,SFB
1080.0,GRR,SRQ
1041.0,GRR,TPA
306.0,GSO,ATL
83.0,GSO,CLT
248.0,GSO,DCA
999.0,GSO,DFW
460.0,GSO,DTW
445.0,GSO,EWR
691.0,GSO,FLL
239.0,GSO,IAD
461.0,GSO,LGA
535.0,GSO,MCO
710.0,GSO,MIA
589.0,GSO,ORD
365.0,GSO,PHL
587.0,GSO,PIE
510.0,GSO,SFB
580.0,GSO,TPA
153.0,GSP,ATL
426.0,GSP,BWI
75.0,GSP,CLT
396.0,GSP,DCA
1278.0,GSP,DEN
862.0,GSP,DFW
508.0,GSP,DTW
594.0,GSP,EWR
620.0,GSP,FLL
384.0,GSP,IAD
837.0,GSP,IAH
1850.0,GSP,LAS
610.0,GSP,LGA
449.0,GSP,MCO
637.0,GSP,MIA
578.0,GSP,MSY
577.0,GSP,ORD
515.0,GSP,PHL
482.0,GSP,PIE
425.0,GSP,SFB
426.0,GSP,SFB
2233.0,GSP,SFO
2211.0,GSP,SJC
477.0,GSP,TPA
978.0,GTF,AZA
623.0,GTF,DEN
811.0,GTF,LAS
887.0,GTF,MSP
463.0,GTF,SLC
241.0,GTR,ATL
678.0,GUC,DFW
886.0,GUC,IAH
3801.0,GUM,HNL
129.0,GUM,SPN
1340.0,HDN,ATL
1871.0,HDN,BOS
141.0,HDN,DEN
769.0,HDN,DFW
1728.0,HDN,EWR
1843.0,HDN,FLL
1582.0,HDN,IAD
985.0,HDN,IAH
763.0,HDN,LAX
758.0,HDN,LGB
774.0,HDN,MSP
1009.0,HDN,ORD
769.0,HDN,SAN
838.0,HDN,SFO
780.0,HGR,SFB
238.0,HHH,ATL
207.0,HHH,CLT
174.0,HIB,MSP
913.0,HLN,MSP
402.0,HLN,SLC
2777.0,HNL,ANC
4502.0,HNL,ATL
5095.0,HNL,BOS
3365.0,HNL,DEN
3784.0,HNL,DFW
4475.0,HNL,DTW
4962.0,HNL,EWR
3801.0,HNL,GUM
4817.0,HNL,IAD
3904.0,HNL,IAH
216.0,HNL,ITO
4983.0,HNL,JFK
163.0,HNL,KOA
2762.0,HNL,LAS
2556.0,HNL,LAX
2569.0,HNL,LGB
102.0,HNL,LIH
3972.0,HNL,MSP
2409.0,HNL,OAK
100.0,HNL,OGG
4243.0,HNL,ORD
2603.0,HNL,PDX
2917.0,HNL,PHX
2599.0,HNL,PPG
2614.0,HNL,SAN
2677.0,HNL,SEA
2398.0,HNL,SFO
2417.0,HNL,SJC
2994.0,HNL,SLC
2462.0,HNL,SMF
501.0,HOB,DEN
501.0,HOB,IAH
759.0,HOU,ABQ
537.0,HOU,AMA
696.0,HOU,ATL
148.0,HOU,AUS
570.0,HOU,BHM
670.0,HOU,BNA
1609.0,HOU,BOS
1389.0,HOU,BUR
1246.0,HOU,BWI
928.0,HOU,CHS
920.0,HOU,CLT
1001.0,HOU,CMH
187.0,HOU,CRP
239.0,HOU,DAL
1218.0,HOU,DCA
883.0,HOU,DEN
247.0,HOU,DFW
571.0,HOU,ECP
677.0,HOU,ELP
957.0,HOU,FLL
277.0,HOU,HRL
861.0,HOU,IND
816.0,HOU,JAX
1428.0,HOU,JFK
1235.0,HOU,LAS
1390.0,HOU,LAX
474.0,HOU,LBB
1428.0,HOU,LGA
393.0,HOU,LIT
441.0,HOU,MAF
666.0,HOU,MCI
849.0,HOU,MCO
937.0,HOU,MDW
484.0,HOU,MEM
955.0,HOU,MIA
1004.0,HOU,MKE
302.0,HOU,MSY
1642.0,HOU,OAK
419.0,HOU,OKC
804.0,HOU,OMA
1336.0,HOU,PHL
1020.0,HOU,PHX
1131.0,HOU,PIT
488.0,HOU,PNS
1050.0,HOU,RDU
1313.0,HOU,SAN
192.0,HOU,SAT
803.0,HOU,SDF
1621.0,HOU,SJC
1997.0,HOU,SJU
1214.0,HOU,SLC
1624.0,HOU,SMF
1357.0,HOU,SNA
687.0,HOU,STL
781.0,HOU,TPA
453.0,HOU,TUL
780.0,HPN,ATL
564.0,HPN,CLT
234.0,HPN,DCA
505.0,HPN,DTW
1097.0,HPN,FLL
972.0,HPN,MCO
738.0,HPN,ORD
1056.0,HPN,PBI
1102.0,HPN,RSW
1032.0,HPN,TPA
273.0,HRL,AUS
458.0,HRL,DAL
1023.0,HRL,DEN
461.0,HRL,DFW
277.0,HRL,HOU
295.0,HRL,IAH
1310.0,HRL,MSP
1219.0,HRL,ORD
151.0,HSV,ATL
333.0,HSV,CLT
613.0,HSV,DCA
1048.0,HSV,DEN
603.0,HSV,DFW
554.0,HSV,DTW
596.0,HSV,IAD
595.0,HSV,IAH
535.0,HSV,MCO
510.0,HSV,ORD
721.0,HTS,PIE
665.0,HTS,SFB
605.0,,CLT
157.0,,PHL
298.0,HYS,DEN
88.0,HYS,SLN
325.0,IAD,ALB
534.0,IAD,ATL
1297.0,IAD,AUS
326.0,IAD,BDL
542.0,IAD,BNA
413.0,IAD,BOS
441.0,IAD,BTV
283.0,IAD,BUF
401.0,IAD,CAE
506.0,IAD,CHA
441.0,IAD,CHS
151.0,IAD,CKB
288.0,IAD,CLE
322.0,IAD,CLT
299.0,IAD,CMH
388.0,IAD,CVG
368.0,IAD,DAY
1452.0,IAD,DEN
1172.0,IAD,DFW
383.0,IAD,DTW
1573.0,IAD,EGE
212.0,IAD,EWR
901.0,IAD,FLL
239.0,IAD,GSO
384.0,IAD,GSP
1582.0,IAD,HDN
4817.0,IAD,HNL
596.0,IAD,HSV
1190.0,IAD,IAH
323.0,IAD,ILM
476.0,IAD,IND
630.0,IAD,JAX
228.0,IAD,JFK
2065.0,IAD,LAS
2288.0,IAD,LAX
392.0,IAD,LEX
229.0,IAD,LGA
176.0,IAD,LWB
926.0,IAD,MCI
758.0,IAD,MCO
94.0,IAD,MDT
418.0,IAD,MHT
921.0,IAD,MIA
908.0,IAD,MSP
955.0,IAD,MSY
409.0,IAD,OGS
1136.0,IAD,OKC
588.0,IAD,ORD
157.0,IAD,ORF
444.0,IAD,PBG
2327.0,IAD,PDX
135.0,IAD,PHL
1956.0,IAD,PHX
182.0,IAD,PIT
371.0,IAD,PVD
493.0,IAD,PWM
224.0,IAD,RDU
100.0,IAD,RIC
177.0,IAD,ROA
288.0,IAD,ROC
891.0,IAD,RSW
2253.0,IAD,SAN
1362.0,IAD,SAT
515.0,IAD,SAV
133.0,IAD,SCE
451.0,IAD,SDF
2306.0,IAD,SEA
2419.0,IAD,SFO
91.0,IAD,SHD
1571.0,IAD,SJU
1828.0,IAD,SLC
2358.0,IAD,SMF
849.0,IAD,SRQ
696.0,IAD,STL
1606.0,IAD,STT
296.0,IAD,SYR
811.0,IAD,TPA
420.0,IAD,TYS
1176.0,IAG,FLL
1129.0,IAG,PGD
1069.0,IAG,PIE
996.0,IAG,SFB
744.0,IAH,ABQ
190.0,IAH,AEX
517.0,IAH,AMA
913.0,IAH,ASE
689.0,IAH,ATL
140.0,IAH,AUS
1507.0,IAH,BDL
562.0,IAH,BHM
657.0,IAH,BNA
1482.0,IAH,BOI
1597.0,IAH,BOS
308.0,IAH,BRO
253.0,IAH,BTR
1235.0,IAH,BWI
1385.0,IAH,BZN
878.0,IAH,CAE
1085.0,IAH,CAK
925.0,IAH,CHS
1091.0,IAH,CLE
74.0,IAH,CLL
912.0,IAH,CLT
986.0,IAH,CMH
809.0,IAH,COS
201.0,IAH,CRP
975.0,IAH,CRW
871.0,IAH,CVG
929.0,IAH,DAY
1208.0,IAH,DCA
862.0,IAH,DEN
224.0,IAH,DFW
869.0,IAH,DRO
802.0,IAH,DSM
1075.0,IAH,DTW
572.0,IAH,ECP
934.0,IAH,EGE
667.0,IAH,ELP
1400.0,IAH,EWR
966.0,IAH,FLL
376.0,IAH,GPT
166.0,IAH,GRK
1042.0,IAH,GRR
837.0,IAH,GSP
886.0,IAH,GUC
985.0,IAH,HDN
3904.0,IAH,HNL
501.0,IAH,HOB
295.0,IAH,HRL
595.0,IAH,HSV
1190.0,IAH,IAD
542.0,IAH,ICT
844.0,IAH,IND
1265.0,IAH,JAC
351.0,IAH,JAN
817.0,IAH,JAX
1417.0,IAH,JFK
1222.0,IAH,LAS
1379.0,IAH,LAX
458.0,IAH,LBB
127.0,IAH,LCH
828.0,IAH,LEX
201.0,IAH,LFT
1416.0,IAH,LGA
374.0,IAH,LIT
301.0,IAH,LRD
429.0,IAH,MAF
643.0,IAH,MCI
854.0,IAH,MCO
468.0,IAH,MEM
316.0,IAH,MFE
964.0,IAH,MIA
984.0,IAH,MKE
262.0,IAH,MLU
427.0,IAH,MOB
1034.0,IAH,MSP
305.0,IAH,MSY
927.0,IAH,MTJ
395.0,IAH,OKC
781.0,IAH,OMA
1334.0,IAH,ONT
925.0,IAH,ORD
1201.0,IAH,ORF
956.0,IAH,PBI
1825.0,IAH,PDX
1325.0,IAH,PHL
1009.0,IAH,PHX
1117.0,IAH,PIT
489.0,IAH,PNS
1269.0,IAH,PSP
1042.0,IAH,RDU
1157.0,IAH,RIC
1530.0,IAH,RNO
861.0,IAH,RSW
1303.0,IAH,SAN
191.0,IAH,SAT
851.0,IAH,SAV
788.0,IAH,SDF
1874.0,IAH,SEA
1635.0,IAH,SFO
513.0,IAH,SGF
192.0,IAH,SHV
1608.0,IAH,SJC
2007.0,IAH,SJU
1195.0,IAH,SLC
1609.0,IAH,SMF
1346.0,IAH,SNA
667.0,IAH,STL
2070.0,IAH,STT
787.0,IAH,TPA
429.0,IAH,TUL
936.0,IAH,TUS
771.0,IAH,TYS
528.0,IAH,VPS
438.0,IAH,XNA
782.0,ICT,ATL
651.0,ICT,ATW
855.0,ICT,AZA
420.0,ICT,DEN
328.0,ICT,DFW
542.0,ICT,IAH
986.0,ICT,LAS
545.0,ICT,MSP
588.0,ICT,ORD
870.0,ICT,PHX
1430.0,ICT,SEA
392.0,ICT,STL
704.0,IDA,AZA
458.0,IDA,DEN
538.0,IDA,LAS
188.0,IDA,SLC
377.0,ILM,ATL
185.0,ILM,CLT
319.0,ILM,DCA
1106.0,ILM,DFW
323.0,ILM,IAD
500.0,ILM,LGA
413.0,ILM,PHL
344.0,IMT,DTW
257.0,IMT,MSP
432.0,IND,ATL
919.0,IND,AUS
818.0,IND,BOS
516.0,IND,BWI
427.0,IND,CLT
755.0,IND,DAL
500.0,IND,DCA
977.0,IND,DEN
761.0,IND,DFW
231.0,IND,DTW
645.0,IND,EWR
1005.0,IND,FLL
861.0,IND,HOU
476.0,IND,IAD
844.0,IND,IAH
687.0,IND,JAX
665.0,IND,JFK
1590.0,IND,LAS
1814.0,IND,LAX
660.0,IND,LGA
451.0,IND,MCI
829.0,IND,MCO
162.0,IND,MDW
1020.0,IND,MIA
503.0,IND,MSP
707.0,IND,MSY
1933.0,IND,OAK
177.0,IND,ORD
967.0,IND,PBI
916.0,IND,PGD
588.0,IND,PHL
1488.0,IND,PHX
840.0,IND,PIE
489.0,IND,RDU
945.0,IND,RSW
1782.0,IND,SAN
1866.0,IND,SEA
807.0,IND,SFB
1943.0,IND,SFO
1355.0,IND,SLC
876.0,IND,SRQ
837.0,IND,TPA
1472.0,IND,TUS
255.0,INL,MSP
576.0,,DEN
546.0,,MSP
795.0,ISP,ATL
220.0,ISP,BWI
1092.0,ISP,FLL
971.0,ISP,MCO
1052.0,ISP,PBI
1101.0,ISP,RSW
1034.0,ISP,TPA
557.0,ITH,CLT
353.0,ITH,DTW
216.0,ITO,HNL
2449.0,ITO,LAX
121.0,ITO,OGG
1572.0,JAC,ATL
406.0,JAC,DEN
1047.0,JAC,DFW
1874.0,JAC,EWR
1265.0,JAC,IAH
1894.0,JAC,JFK
784.0,JAC,LAX
1887.0,JAC,LGA
872.0,JAC,MSP
1162.0,JAC,ORD
621.0,JAC,SEA
737.0,JAC,SFO
205.0,JAC,SLC
341.0,JAN,ATL
562.0,JAN,CLT
860.0,JAN,DCA
967.0,JAN,DEN
408.0,JAN,DFW
351.0,JAN,IAH
588.0,JAN,MCO
677.0,JAN,ORD
270.0,JAX,ATL
483.0,JAX,BNA
1010.0,JAX,BOS
663.0,JAX,BWI
328.0,JAX,CLT
613.0,JAX,CVG
907.0,JAX,DAL
634.0,JAX,DCA
1447.0,JAX,DEN
918.0,JAX,DFW
813.0,JAX,DTW
820.0,JAX,EWR
319.0,JAX,FLL
880.0,JAX,GRR
816.0,JAX,HOU
630.0,JAX,IAD
817.0,JAX,IAH
687.0,JAX,IND
828.0,JAX,JFK
1965.0,JAX,LAS
833.0,JAX,LGA
849.0,JAX,MDW
335.0,JAX,MIA
1174.0,JAX,MSP
864.0,JAX,ORD
542.0,JAX,ORF
742.0,JAX,PHL
694.0,JAX,PIT
407.0,JAX,RDU
753.0,JAX,STL
777.0,JAX,TTN
1826.0,JFK,ABQ
760.0,JFK,ATL
1521.0,JFK,AUS
765.0,JFK,BNA
187.0,JFK,BOS
1576.0,JFK,BQN
266.0,JFK,BTV
301.0,JFK,BUF
2465.0,JFK,BUR
184.0,JFK,BWI
636.0,JFK,CHS
425.0,JFK,CLE
541.0,JFK,CLT
483.0,JFK,CMH
589.0,JFK,CVG
891.0,JFK,DAB
213.0,JFK,DCA
1626.0,JFK,DEN
1391.0,JFK,DFW
509.0,JFK,DTW
1746.0,JFK,EGE
1069.0,JFK,FLL
4983.0,JFK,HNL
1428.0,JFK,HOU
228.0,JFK,IAD
1417.0,JFK,IAH
665.0,JFK,IND
1894.0,JFK,JAC
828.0,JFK,JAX
2248.0,JFK,LAS
2475.0,JFK,LAX
2465.0,JFK,LGB
944.0,JFK,MCO
1089.0,JFK,MIA
1029.0,JFK,MSP
1182.0,JFK,MSY
2576.0,JFK,OAK
2429.0,JFK,ONT
740.0,JFK,ORD
290.0,JFK,ORF
150.0,JFK,ORH
1028.0,JFK,PBI
2454.0,JFK,PDX
94.0,JFK,PHL
2153.0,JFK,PHX
340.0,JFK,PIT
1617.0,JFK,PSE
2378.0,JFK,PSP
273.0,JFK,PWM
427.0,JFK,RDU
288.0,JFK,RIC
2411.0,JFK,RNO
264.0,JFK,ROC
1074.0,JFK,RSW
2446.0,JFK,SAN
1587.0,JFK,SAT
718.0,JFK,SAV
2422.0,JFK,SEA
2586.0,JFK,SFO
2569.0,JFK,SJC
1598.0,JFK,SJU
1990.0,JFK,SLC
2521.0,JFK,SMF
2454.0,JFK,SNA
1041.0,JFK,SRQ
1623.0,JFK,STT
209.0,JFK,SYR
1005.0,JFK,TPA
327.0,JLN,DFW
484.0,JLN,ORD
573.0,JMS,DEN
83.0,JMS,DVL
571.0,JNU,ANC
234.0,JNU,KTN
123.0,JNU,PSG
909.0,JNU,SEA
95.0,JNU,SIT
198.0,JNU,YAK
2874.0,KOA,ANC
2732.0,KOA,BLI
3329.0,KOA,DEN
3724.0,KOA,DFW
163.0,KOA,HNL
2504.0,KOA,LAX
263.0,KOA,LIH
2378.0,KOA,OAK
84.0,KOA,OGG
2607.0,KOA,PDX
2860.0,KOA,PHX
2556.0,KOA,SAN
2688.0,KOA,SEA
2367.0,KOA,SFO
2384.0,KOA,SJC
2435.0,KOA,SMF
234.0,KTN,JNU
680.0,KTN,SEA
183.0,KTN,SIT
82.0,KTN,WRG
479.0,LAN,DCA
74.0,LAN,DTW
455.0,LAN,MSP
179.0,LAN,ORD
113.0,LAR,DEN
486.0,LAS,ABQ
758.0,LAS,AMA
1747.0,LAS,ATL
1510.0,LAS,ATW
1090.0,LAS,AUS
276.0,LAS,AZA
1618.0,LAS,BHM
754.0,LAS,BIL
1048.0,LAS,BIS
954.0,LAS,BLI
1400.0,LAS,BLV
1587.0,LAS,BNA
519.0,LAS,BOI
2381.0,LAS,BOS
1986.0,LAS,BUF
223.0,LAS,BUR
2106.0,LAS,BWI
701.0,LAS,BZN
1319.0,LAS,CID
1824.0,LAS,CLE
1916.0,LAS,CLT
1771.0,LAS,CMH
604.0,LAS,COS
1678.0,LAS,CVG
1067.0,LAS,DAL
2089.0,LAS,DCA
628.0,LAS,DEN
1055.0,LAS,DFW
1216.0,LAS,DSM
1749.0,LAS,DTW
583.0,LAS,ELP
700.0,LAS,EUG
2227.0,LAS,EWR
1205.0,LAS,FAR
259.0,LAS,FAT
845.0,LAS,FCA
2173.0,LAS,FLL
1104.0,LAS,FSD
806.0,LAS,GEG
1230.0,LAS,GFK
420.0,LAS,GJT
971.0,LAS,GRI
1642.0,LAS,GRR
1850.0,LAS,GSP
811.0,LAS,GTF
2762.0,LAS,HNL
1235.0,LAS,HOU
2065.0,LAS,IAD
1222.0,LAS,IAH
986.0,LAS,ICT
538.0,LAS,IDA
1590.0,LAS,IND
1965.0,LAS,JAX
2248.0,LAS,JFK
236.0,LAS,LAX
775.0,LAS,LBB
231.0,LAS,LGB
1294.0,LAS,LIT
1092.0,LAS,LRD
795.0,LAS,MAF
1139.0,LAS,MCI
2039.0,LAS,MCO
1521.0,LAS,MDW
1416.0,LAS,MEM
1210.0,LAS,MFE
600.0,LAS,MFR
2174.0,LAS,MIA
1524.0,LAS,MKE
1376.0,LAS,MLI
1098.0,LAS,MOT
375.0,LAS,MRY
1454.0,LAS,MSN
750.0,LAS,MSO
1299.0,LAS,MSP
1500.0,LAS,MSY
407.0,LAS,OAK
2695.0,LAS,OGG
986.0,LAS,OKC
1099.0,LAS,OMA
197.0,LAS,ONT
1514.0,LAS,ORD
2154.0,LAS,ORF
763.0,LAS,PDX
2176.0,LAS,PHL
255.0,LAS,PHX
1413.0,LAS,PIA
1910.0,LAS,PIT
732.0,LAS,PSC
843.0,LAS,RAP
647.0,LAS,RDM
2026.0,LAS,RDU
1455.0,LAS,RFD
345.0,LAS,RNO
2070.0,LAS,RSW
258.0,LAS,SAN
1069.0,LAS,SAT
1594.0,LAS,SBN
359.0,LAS,SCK
1624.0,LAS,SDF
867.0,LAS,SEA
414.0,LAS,SFO
1209.0,LAS,SGF
1243.0,LAS,SHV
386.0,LAS,SJC
368.0,LAS,SLC
397.0,LAS,SMF
310.0,LAS,SMX
226.0,LAS,SNA
1371.0,LAS,STL
1984.0,LAS,TPA
1076.0,LAS,TUL
365.0,LAS,TUS
1739.0,LAS,TYS
1163.0,LAS,XNA
140.0,LAW,DFW
677.0,LAX,ABQ
577.0,LAX,ACV
2345.0,LAX,ANC
737.0,LAX,ASE
1947.0,LAX,ATL
1242.0,LAX,AUS
2527.0,LAX,BDL
1047.0,LAX,BLI
1797.0,LAX,BNA
674.0,LAX,BOI
2611.0,LAX,BOS
2218.0,LAX,BUF
2329.0,LAX,BWI
902.0,LAX,BZN
2052.0,LAX,CLE
2125.0,LAX,CLT
1995.0,LAX,CMH
833.0,LAX,COS
1900.0,LAX,CVG
1246.0,LAX,DAL
2311.0,LAX,DCA
862.0,LAX,DEN
1235.0,LAX,DFW
1979.0,LAX,DTW
748.0,LAX,EGE
715.0,LAX,ELP
748.0,LAX,EUG
2454.0,LAX,EWR
209.0,LAX,FAT
2343.0,LAX,FLL
945.0,LAX,GEG
763.0,LAX,HDN
2556.0,LAX,HNL
1390.0,LAX,HOU
2288.0,LAX,IAD
1379.0,LAX,IAH
1814.0,LAX,IND
2449.0,LAX,ITO
784.0,LAX,JAC
2475.0,LAX,JFK
2504.0,LAX,KOA
236.0,LAX,LAS
2615.0,LAX,LIH
1363.0,LAX,MCI
2218.0,LAX,MCO
1750.0,LAX,MDW
1619.0,LAX,MEM
630.0,LAX,MFR
2342.0,LAX,MIA
1756.0,LAX,MKE
256.0,LAX,
266.0,LAX,MRY
1687.0,LAX,MSN
923.0,LAX,MSO
1535.0,LAX,MSP
1670.0,LAX,MSY
666.0,LAX,MTJ
337.0,LAX,OAK
2486.0,LAX,OGG
1187.0,LAX,OKC
1330.0,LAX,OMA
1744.0,LAX,ORD
834.0,LAX,PDX
2402.0,LAX,PHL
370.0,LAX,PHX
2136.0,LAX,PIT
346.0,LAX,PRC
851.0,LAX,PSC
110.0,LAX,PSP
569.0,LAX,PVU
501.0,LAX,RDD
726.0,LAX,RDM
2239.0,LAX,RDU
391.0,LAX,RNO
109.0,LAX,SAN
1211.0,LAX,SAT
89.0,LAX,SBA
156.0,LAX,SBP
315.0,LAX,SCK
1843.0,LAX,SDF
954.0,LAX,SEA
337.0,LAX,SFO
1423.0,LAX,SGF
349.0,LAX,SGU
308.0,LAX,SJC
590.0,LAX,SLC
373.0,LAX,SMF
1592.0,LAX,STL
400.0,LAX,STS
696.0,LAX,SUN
2158.0,LAX,TPA
1283.0,LAX,TUL
451.0,LAX,TUS
341.0,LBB,AUS
293.0,LBB,DAL
456.0,LBB,DEN
282.0,LBB,DFW
474.0,LBB,HOU
458.0,LBB,IAH
775.0,LBB,LAS
588.0,LBB,PHX
980.0,LBE,FLL
823.0,LBE,MCO
956.0,LBE,RSW
866.0,LBE,TPA
228.0,LBF,DEN
280.0,LBL,DEN
212.0,LBL,PUB
295.0,LCH,DFW
127.0,LCH,IAH
961.0,LCK,FLL
890.0,LCK,PGD
821.0,LCK,PIE
539.0,LCK,SAV
767.0,LCK,SFB
856.0,LCK,SRQ
304.0,LEX,ATL
281.0,LEX,CLT
414.0,LEX,DCA
785.0,LEX,DFW
296.0,LEX,DTW
588.0,LEX,EWR
865.0,LEX,FLL
392.0,LEX,IAD
828.0,LEX,IAH
604.0,LEX,LGA
650.0,LEX,MSP
323.0,LEX,ORD
781.0,LEX,PGD
707.0,LEX,PIE
667.0,LEX,SFB
503.0,LFT,ATL
978.0,LFT,DEN
351.0,LFT,DFW
201.0,LFT,IAH
656.0,LFT,MCO
762.0,LGA,ATL
599.0,LGA,AVL
378.0,LGA,BGR
866.0,LGA,BHM
764.0,LGA,BNA
184.0,LGA,BOS
258.0,LGA,BTV
292.0,LGA,BUF
617.0,LGA,CAE
397.0,LGA,CAK
734.0,LGA,CHA
305.0,LGA,CHO
641.0,LGA,CHS
419.0,LGA,CLE
544.0,LGA,CLT
479.0,LGA,CMH
585.0,LGA,CVG
897.0,LGA,DAB
1381.0,LGA,DAL
549.0,LGA,DAY
214.0,LGA,DCA
1620.0,LGA,DEN
1389.0,LGA,DFW
1031.0,LGA,DSM
502.0,LGA,DTW
1739.0,LGA,EGE
1207.0,LGA,EYW
1076.0,LGA,FLL
618.0,LGA,GRR
461.0,LGA,GSO
610.0,LGA,GSP
1428.0,LGA,HOU
229.0,LGA,IAD
1416.0,LGA,IAH
500.0,LGA,ILM
660.0,LGA,IND
1887.0,LGA,JAC
833.0,LGA,JAX
604.0,LGA,LEX
1107.0,LGA,MCI
950.0,LGA,MCO
725.0,LGA,MDW
963.0,LGA,MEM
195.0,LGA,MHT
1096.0,LGA,MIA
738.0,LGA,MKE
812.0,LGA,MSN
1020.0,LGA,MSP
1183.0,LGA,MSY
1810.0,LGA,MTJ
563.0,LGA,MYR
1148.0,LGA,OMA
733.0,LGA,ORD
296.0,LGA,ORF
1035.0,LGA,PBI
96.0,LGA,PHL
335.0,LGA,PIT
269.0,LGA,PWM
431.0,LGA,RDU
292.0,LGA,RIC
405.0,LGA,ROA
254.0,LGA,ROC
1080.0,LGA,RSW
722.0,LGA,SAV
659.0,LGA,SDF
1047.0,LGA,SRQ
888.0,LGA,STL
198.0,LGA,SYR
1010.0,LGA,TPA
648.0,LGA,TYS
1147.0,LGA,XNA
1226.0,LGB,AUS
2602.0,LGB,BOS
904.0,LGB,BZN
854.0,LGB,DEN
2327.0,LGB,FLL
758.0,LGB,HDN
2569.0,LGB,HNL
2465.0,LGB,JFK
231.0,LGB,LAS
353.0,LGB,OAK
846.0,LGB,PDX
355.0,LGB,PHX
402.0,LGB,RNO
965.0,LGB,SEA
354.0,LGB,SFO
324.0,LGB,SJC
588.0,LGB,SLC
387.0,LGB,SMF
3414.0,LIH,DEN
102.0,LIH,HNL
263.0,LIH,KOA
2615.0,LIH,LAX
2457.0,LIH,OAK
201.0,LIH,OGG
2631.0,LIH,PDX
2979.0,LIH,PHX
2676.0,LIH,SAN
2701.0,LIH,SEA
2447.0,LIH,SFO
2466.0,LIH,SJC
453.0,LIT,ATL
640.0,LIT,CLT
296.0,LIT,DAL
888.0,LIT,DCA
771.0,LIT,DEN
304.0,LIT,DFW
393.0,LIT,HOU
374.0,LIT,IAH
1294.0,LIT,LAS
776.0,LIT,MCO
552.0,LIT,ORD
1136.0,LIT,PHX
765.0,LIT,SFB
296.0,LIT,STL
841.0,LNK,ATL
423.0,LNK,DEN
331.0,LNK,MSP
466.0,LNK,ORD
396.0,LRD,DFW
301.0,LRD,IAH
1092.0,LRD,LAS
416.0,LSE,DTW
119.0,LSE,MSP
215.0,LSE,ORD
176.0,LWB,IAD
489.0,LWB,ORD
461.0,LWS,SLC
175.0,,CLT
319.0,MAF,DAL
563.0,MAF,DEN
309.0,MAF,DFW
441.0,MAF,HOU
429.0,MAF,IAH
795.0,MAF,LAS
581.0,MAF,PHX
98.0,MBS,DTW
463.0,MBS,MSP
222.0,MBS,ORD
718.0,MCI,ABQ
692.0,MCI,ATL
650.0,MCI,AUS
1030.0,MCI,AZA
491.0,MCI,BNA
1256.0,MCI,BOS
967.0,MCI,BWI
808.0,MCI,CLT
539.0,MCI,CVG
461.0,MCI,DAL
949.0,MCI,DCA
533.0,MCI,DEN
460.0,MCI,DFW
629.0,MCI,DTW
1092.0,MCI,EWR
1242.0,MCI,FLL
666.0,MCI,HOU
926.0,MCI,IAD
643.0,MCI,IAH
451.0,MCI,IND
1139.0,MCI,LAS
1363.0,MCI,LAX
1107.0,MCI,LGA
1072.0,MCI,MCO
405.0,MCI,MDW
1251.0,MCI,MIA
436.0,MCI,MKE
393.0,MCI,MSP
689.0,MCI,MSY
1489.0,MCI,OAK
403.0,MCI,ORD
1482.0,MCI,PDX
1125.0,MCI,PGD
1038.0,MCI,PHL
1044.0,MCI,PHX
1045.0,MCI,PIE
904.0,MCI,RDU
1155.0,MCI,RSW
1334.0,MCI,SAN
706.0,MCI,SAT
1489.0,MCI,SEA
1499.0,MCI,SFO
920.0,MCI,SLC
237.0,MCI,STL
1048.0,MCI,TPA
764.0,MCI,VPS
1553.0,MCO,ABQ
852.0,MCO,ACY
1073.0,MCO,ALB
404.0,MCO,ATL
994.0,MCO,AUS
488.0,MCO,AVL
1050.0,MCO,BDL
479.0,MCO,BHM
936.0,MCO,BMI
616.0,MCO,BNA
1121.0,MCO,BOS
1129.0,MCO,BQN
1194.0,MCO,BTV
1011.0,MCO,BUF
787.0,MCO,BWI
861.0,MCO,CAK
895.0,MCO,CLE
468.0,MCO,CLT
802.0,MCO,CMH
1520.0,MCO,COS
757.0,MCO,CVG
973.0,MCO,DAL
759.0,MCO,DCA
1546.0,MCO,DEN
985.0,MCO,DFW
1141.0,MCO,DSM
957.0,MCO,DTW
937.0,MCO,EWR
177.0,MCO,FLL
1169.0,MCO,GRB
1024.0,MCO,GRR
535.0,MCO,GSO
449.0,MCO,GSP
849.0,MCO,HOU
972.0,MCO,HPN
535.0,MCO,HSV
758.0,MCO,IAD
854.0,MCO,IAH
829.0,MCO,IND
971.0,MCO,ISP
588.0,MCO,JAN
944.0,MCO,JFK
2039.0,MCO,LAS
2218.0,MCO,LAX
823.0,MCO,LBE
656.0,MCO,LFT
950.0,MCO,LGA
776.0,MCO,LIT
1072.0,MCO,MCI
851.0,MCO,MDT
990.0,MCO,MDW
684.0,MCO,MEM
1142.0,MCO,MHT
192.0,MCO,MIA
1066.0,MCO,MKE
1109.0,MCO,MSN
1310.0,MCO,MSP
551.0,MCO,MSY
388.0,MCO,MYR
2438.0,MCO,OAK
1069.0,MCO,OKC
1211.0,MCO,OMA
2171.0,MCO,ONT
1005.0,MCO,ORD
655.0,MCO,ORF
1091.0,MCO,ORH
2534.0,MCO,PDX
861.0,MCO,PHL
1849.0,MCO,PHX
834.0,MCO,PIT
1179.0,MCO,PSE
1167.0,MCO,PSM
1072.0,MCO,PVD
1214.0,MCO,PWM
534.0,MCO,RDU
667.0,MCO,RIC
1033.0,MCO,ROC
2149.0,MCO,SAN
1041.0,MCO,SAT
719.0,MCO,SDF
2554.0,MCO,SEA
2446.0,MCO,SFO
2421.0,MCO,SJC
1189.0,MCO,SJU
1931.0,MCO,SLC
2408.0,MCO,SMF
882.0,MCO,STL
1246.0,MCO,STT
989.0,MCO,SWF
1053.0,MCO,SYR
896.0,MCO,TTN
532.0,MCO,TYS
620.0,MDT,ATL
608.0,MDT,BNA
413.0,MDT,CLT
1231.0,MDT,DFW
371.0,MDT,DTW
94.0,MDT,IAD
851.0,MDT,MCO
594.0,MDT,ORD
963.0,MDT,PGD
912.0,MDT,PIE
827.0,MDT,SFB
942.0,MDT,SRQ
1121.0,MDW,ABQ
717.0,MDW,ALB
591.0,MDW,ATL
972.0,MDW,AUS
777.0,MDW,BDL
570.0,MDW,BHM
395.0,MDW,BNA
861.0,MDW,BOS
468.0,MDW,BUF
1740.0,MDW,BUR
611.0,MDW,BWI
745.0,MDW,CHS
307.0,MDW,CLE
584.0,MDW,CLT
283.0,MDW,CMH
249.0,MDW,CVG
793.0,MDW,DAL
601.0,MDW,DCA
895.0,MDW,DEN
228.0,MDW,DTW
711.0,MDW,EWR
1167.0,MDW,FLL
137.0,MDW,GRR
937.0,MDW,HOU
162.0,MDW,IND
849.0,MDW,JAX
1521.0,MDW,LAS
1750.0,MDW,LAX
725.0,MDW,LGA
405.0,MDW,MCI
990.0,MDW,MCO
480.0,MDW,MEM
838.0,MDW,MHT
349.0,MDW,MSP
825.0,MDW,MSY
1844.0,MDW,OAK
691.0,MDW,OKC
423.0,MDW,OMA
1706.0,MDW,ONT
704.0,MDW,ORF
1751.0,MDW,PDX
668.0,MDW,PHL
1444.0,MDW,PHX
402.0,MDW,PIT
842.0,MDW,PVD
632.0,MDW,RDU
1105.0,MDW,RSW
1728.0,MDW,SAN
1036.0,MDW,SAT
271.0,MDW,SDF
1733.0,MDW,SEA
1855.0,MDW,SFO
1838.0,MDW,SJC
2057.0,MDW,SJU
1259.0,MDW,SLC
1790.0,MDW,SMF
251.0,MDW,STL
997.0,MDW,TPA
1440.0,MDW,TUS
485.0,MEI,DFW
667.0,MEI,ORD
69.0,MEI,PIB
332.0,MEM,ATL
787.0,MEM,BWI
511.0,MEM,CLT
423.0,MEM,DAL
762.0,MEM,DCA
872.0,MEM,DEN
431.0,MEM,DFW
610.0,MEM,DTW
946.0,MEM,EWR
851.0,MEM,FLL
484.0,MEM,HOU
468.0,MEM,IAH
1416.0,MEM,LAS
1619.0,MEM,LAX
963.0,MEM,LGA
684.0,MEM,MCO
480.0,MEM,MDW
859.0,MEM,MIA
700.0,MEM,MSP
491.0,MEM,ORD
733.0,MEM,PGD
875.0,MEM,PHL
1264.0,MEM,PHX
653.0,MEM,PIE
671.0,MEM,SFB
655.0,MEM,TPA
943.0,MFE,AZA
469.0,MFE,DFW
316.0,MFE,IAH
1210.0,MFE,LAS
1059.0,MFE,SFB
964.0,MFR,DEN
600.0,MFR,LAS
630.0,MFR,LAX
854.0,MFR,PHX
352.0,MFR,SEA
329.0,MFR,SFO
575.0,MFR,SLC
147.0,MGM,ATL
693.0,MGM,DCA
622.0,MGM,DFW
431.0,MHK,DFW
501.0,MHK,ORD
952.0,MHT,ATL
377.0,MHT,BWI
737.0,MHT,CLT
406.0,MHT,DCA
610.0,MHT,DTW
209.0,MHT,EWR
418.0,MHT,IAD
195.0,MHT,LGA
1142.0,MHT,MCO
838.0,MHT,MDW
843.0,MHT,ORD
289.0,MHT,PHL
1204.0,MHT,TPA
594.0,MIA,ATL
1103.0,MIA,AUS
1194.0,MIA,BDL
661.0,MIA,BHM
806.0,MIA,BNA
1258.0,MIA,BOS
1185.0,MIA,BUF
946.0,MIA,BWI
563.0,MIA,CAE
489.0,MIA,CHS
1080.0,MIA,CLE
650.0,MIA,CLT
990.0,MIA,CMH
948.0,MIA,CVG
919.0,MIA,DCA
1709.0,MIA,DEN
1121.0,MIA,DFW
1145.0,MIA,DTW
1810.0,MIA,EGE
1085.0,MIA,EWR
125.0,MIA,EYW
126.0,MIA,EYW
294.0,MIA,GNV
1214.0,MIA,GRR
710.0,MIA,GSO
637.0,MIA,GSP
955.0,MIA,HOU
921.0,MIA,IAD
964.0,MIA,IAH
1020.0,MIA,IND
335.0,MIA,JAX
1089.0,MIA,JFK
2174.0,MIA,LAS
2342.0,MIA,LAX
1096.0,MIA,LGA
1251.0,MIA,MCI
192.0,MIA,MCO
859.0,MIA,MEM
1501.0,MIA,MSP
675.0,MIA,MSY
1222.0,MIA,OKC
1393.0,MIA,OMA
1197.0,MIA,ORD
802.0,MIA,ORF
1013.0,MIA,PHL
1972.0,MIA,PHX
1013.0,MIA,PIT
530.0,MIA,PNS
1209.0,MIA,PVD
700.0,MIA,RDU
825.0,MIA,RIC
104.0,MIA,RSW
2267.0,MIA,SAN
1143.0,MIA,SAT
440.0,MIA,SAV
910.0,MIA,SDF
2724.0,MIA,SEA
2585.0,MIA,SFO
2559.0,MIA,SJC
1045.0,MIA,SJU
1068.0,MIA,STL
1107.0,MIA,STT
1139.0,MIA,STX
402.0,MIA,TLH
204.0,MIA,TPA
724.0,MIA,TYS
1099.0,MIA,XNA
669.0,MKE,ATL
1448.0,MKE,AZA
475.0,MKE,BNA
860.0,MKE,BOS
641.0,MKE,BWI
328.0,MKE,CLE
651.0,MKE,CLT
850.0,MKE,DAL
634.0,MKE,DCA
896.0,MKE,DEN
853.0,MKE,DFW
237.0,MKE,DTW
725.0,MKE,EWR
1243.0,MKE,FLL
1004.0,MKE,HOU
984.0,MKE,IAH
1524.0,MKE,LAS
1756.0,MKE,LAX
738.0,MKE,LGA
436.0,MKE,MCI
1066.0,MKE,MCO
236.0,MKE,MQT
297.0,MKE,MSP
67.0,MKE,ORD
1154.0,MKE,PGD
1460.0,MKE,PHX
1077.0,MKE,PIE
1183.0,MKE,RSW
1739.0,MKE,SAN
1694.0,MKE,SEA
1045.0,MKE,SFB
1247.0,MKE,SLC
317.0,MKE,STL
1075.0,MKE,TPA
119.0,MKG,ORD
442.0,MLB,ATL
490.0,MLB,CLT
868.0,MLB,PHL
633.0,MLI,ATL
1288.0,MLI,AZA
752.0,MLI,DEN
691.0,MLI,DFW
373.0,MLI,DTW
1376.0,MLI,LAS
274.0,MLI,MSP
139.0,MLI,ORD
1113.0,MLI,PGD
1033.0,MLI,PIE
1018.0,MLI,SFB
448.0,MLU,ATL
293.0,MLU,DFW
262.0,MLU,IAH
780.0,,DEN
256.0,,LAX
193.0,,SFO
302.0,MOB,ATL
526.0,MOB,CLT
539.0,MOB,DFW
427.0,MOB,IAH
1164.0,MOT,AZA
604.0,MOT,DEN
1098.0,MOT,LAS
449.0,MOT,MSP
349.0,MQT,DTW
300.0,MQT,MSP
303.0,MQT,ORD
959.0,MRY,DEN
1430.0,MRY,DFW
375.0,MRY,LAS
266.0,MRY,LAX
598.0,MRY,PHX
375.0,MRY,SAN
77.0,MRY,SFO
707.0,MSN,ATL
708.0,MSN,CLT
707.0,MSN,DCA
826.0,MSN,DEN
821.0,MSN,DFW
311.0,MSN,DTW
799.0,MSN,EWR
1454.0,MSN,LAS
1687.0,MSN,LAX
812.0,MSN,LGA
1109.0,MSN,MCO
228.0,MSN,MSP
109.0,MSN,ORD
764.0,MSN,PHL
1396.0,MSN,PHX
1772.0,MSN,SFO
1174.0,MSN,SLC
948.0,MSO,AZA
679.0,MSO,DEN
1320.0,MSO,DFW
750.0,MSO,LAS
923.0,MSO,LAX
1013.0,MSO,MSP
436.0,MSO,SLC
981.0,MSP,ABQ
257.0,MSP,ABR
980.0,MSP,ALB
2519.0,MSP,ANC
802.0,MSP,ASE
907.0,MSP,ATL
236.0,MSP,ATW
1042.0,MSP,AUS
426.0,MSP,AZO
1050.0,MSP,BDL
748.0,MSP,BIL
386.0,MSP,BIS
199.0,MSP,BJI
695.0,MSP,BNA
1142.0,MSP,BOI
1124.0,MSP,BOS
114.0,MSP,BRD
735.0,MSP,BUF
936.0,MSP,BWI
874.0,MSP,BZN
220.0,MSP,CID
435.0,MSP,CIU
622.0,MSP,CLE
930.0,MSP,CLT
626.0,MSP,CMH
596.0,MSP,CVG
175.0,MSP,CWA
853.0,MSP,DAL
574.0,MSP,DAY
931.0,MSP,DCA
680.0,MSP,DEN
852.0,MSP,DFW
144.0,MSP,DLH
232.0,MSP,DSM
528.0,MSP,DTW
1008.0,MSP,EWR
223.0,MSP,FAR
1026.0,MSP,FCA
1487.0,MSP,FLL
196.0,MSP,FSD
488.0,MSP,FWA
1175.0,MSP,GEG
284.0,MSP,GFK
252.0,MSP,GRB
408.0,MSP,GRR
887.0,MSP,GTF
774.0,MSP,HDN
174.0,MSP,HIB
913.0,MSP,HLN
3972.0,MSP,HNL
1310.0,MSP,HRL
785.0,MSP,HSV
908.0,MSP,IAD
1034.0,MSP,IAH
545.0,MSP,ICT
257.0,MSP,IMT
503.0,MSP,IND
255.0,MSP,INL
546.0,MSP,
872.0,MSP,JAC
1174.0,MSP,JAX
1029.0,MSP,JFK
455.0,MSP,LAN
1299.0,MSP,LAS
1535.0,MSP,LAX
1020.0,MSP,LGA
331.0,MSP,LNK
119.0,MSP,LSE
463.0,MSP,MBS
393.0,MSP,MCI
1310.0,MSP,MCO
349.0,MSP,MDW
700.0,MSP,MEM
1501.0,MSP,MIA
297.0,MSP,MKE
274.0,MSP,MLI
449.0,MSP,MOT
300.0,MSP,MQT
228.0,MSP,MSN
1013.0,MSP,MSO
1039.0,MSP,MSY
1578.0,MSP,OAK
694.0,MSP,OKC
282.0,MSP,OMA
334.0,MSP,ORD
1451.0,MSP,PBI
1426.0,MSP,PDX
980.0,MSP,PHL
1276.0,MSP,PHX
342.0,MSP,PIA
726.0,MSP,PIT
1254.0,MSP,PSC
1454.0,MSP,PSP
489.0,MSP,RAP
980.0,MSP,RDU
190.0,MSP,RHI
970.0,MSP,RIC
1405.0,MSP,RNO
783.0,MSP,ROC
76.0,MSP,RST
1416.0,MSP,RSW
1532.0,MSP,SAN
1097.0,MSP,SAT
411.0,MSP,SBN
604.0,MSP,SDF
1399.0,MSP,SEA
1589.0,MSP,SFO
1575.0,MSP,SJC
2404.0,MSP,SJU
991.0,MSP,SLC
1517.0,MSP,SMF
1522.0,MSP,SNA
1342.0,MSP,SRQ
448.0,MSP,STL
1306.0,MSP,TPA
615.0,MSP,TUL
1298.0,MSP,TUS
792.0,MSP,TYS
596.0,MSP,XNA
553.0,MSP,XWA
425.0,MSY,ATL
444.0,MSY,AUS
471.0,MSY,BNA
1368.0,MSY,BOS
998.0,MSY,BWI
917.0,MSY,CLE
651.0,MSY,CLT
806.0,MSY,CMH
701.0,MSY,CVG
436.0,MSY,DAL
969.0,MSY,DCA
1062.0,MSY,DEN
447.0,MSY,DFW
926.0,MSY,DTW
1167.0,MSY,EWR
674.0,MSY,FLL
927.0,MSY,GRR
578.0,MSY,GSP
302.0,MSY,HOU
955.0,MSY,IAD
305.0,MSY,IAH
707.0,MSY,IND
1182.0,MSY,JFK
1500.0,MSY,LAS
1670.0,MSY,LAX
1183.0,MSY,LGA
689.0,MSY,MCI
551.0,MSY,MCO
825.0,MSY,MDW
675.0,MSY,MIA
1039.0,MSY,MSP
1903.0,MSY,OAK
836.0,MSY,ORD
1089.0,MSY,PHL
1300.0,MSY,PHX
918.0,MSY,PIT
779.0,MSY,RDU
1599.0,MSY,SAN
494.0,MSY,SAT
620.0,MSY,SDF
2086.0,MSY,SEA
1911.0,MSY,SFO
1884.0,MSY,SJC
1428.0,MSY,SLC
1878.0,MSY,SMF
604.0,MSY,STL
488.0,MSY,TPA
669.0,MSY,USA
1352.0,MTJ,ATL
1505.0,MTJ,CLT
196.0,MTJ,DEN
722.0,MTJ,DFW
1795.0,MTJ,EWR
927.0,MTJ,IAH
666.0,MTJ,LAX
1810.0,MTJ,LGA
1081.0,MTJ,ORD
419.0,MTJ,PHX
791.0,MTJ,SFO
269.0,MTJ,SLC
466.0,MYR,ACY
317.0,MYR,ATL
738.0,MYR,BOS
399.0,MYR,BWI
157.0,MYR,CLT
372.0,MYR,DCA
550.0,MYR,EWR
529.0,MYR,FLL
563.0,MYR,LGA
388.0,MYR,MCO
473.0,MYR,PHL
399.0,OAJ,ATL
191.0,OAJ,CLT
889.0,OAK,ABQ
2130.0,OAK,ATL
1497.0,OAK,AUS
668.0,OAK,AZA
764.0,OAK,BLI
1959.0,OAK,BNA
512.0,OAK,BOI
325.0,OAK,BUR
2447.0,OAK,BWI
2110.0,OAK,CMH
1468.0,OAK,DAL
957.0,OAK,DEN
1457.0,OAK,DFW
445.0,OAK,EUG
2555.0,OAK,EWR
723.0,OAK,GEG
2409.0,OAK,HNL
1642.0,OAK,HOU
1933.0,OAK,IND
2576.0,OAK,JFK
2378.0,OAK,KOA
407.0,OAK,LAS
337.0,OAK,LAX
353.0,OAK,LGB
2457.0,OAK,LIH
1489.0,OAK,MCI
2438.0,OAK,MCO
1844.0,OAK,MDW
1578.0,OAK,MSP
1903.0,OAK,MSY
2349.0,OAK,OGG
362.0,OAK,ONT
543.0,OAK,PDX
646.0,OAK,PHX
418.0,OAK,PSP
181.0,OAK,RNO
446.0,OAK,SAN
1476.0,OAK,SAT
672.0,OAK,SEA
588.0,OAK,SLC
371.0,OAK,SNA
1725.0,OAK,STL
747.0,OAK,TUS
544.0,OGD,AZA
2797.0,OGG,ANC
2681.0,OGG,BLI
3302.0,OGG,DEN
3711.0,OGG,DFW
100.0,OGG,HNL
121.0,OGG,ITO
84.0,OGG,KOA
2695.0,OGG,LAS
2486.0,OGG,LAX
201.0,OGG,LIH
2349.0,OGG,OAK
4184.0,OGG,ORD
2562.0,OGG,PDX
2845.0,OGG,PHX
2541.0,OGG,SAN
2640.0,OGG,SEA
2338.0,OGG,SFO
2355.0,OGG,SJC
2935.0,OGG,SLC
2404.0,OGG,SMF
409.0,OGS,IAD
654.0,OGS,ORD
1224.0,OGS,PIE
1142.0,OGS,SFB
761.0,OKC,ATL
616.0,OKC,BNA
1180.0,OKC,BWI
940.0,OKC,CLT
181.0,OKC,DAL
1158.0,OKC,DCA
495.0,OKC,DEN
175.0,OKC,DFW
900.0,OKC,DTW
1325.0,OKC,EWR
419.0,OKC,HOU
1136.0,OKC,IAD
395.0,OKC,IAH
986.0,OKC,LAS
1187.0,OKC,LAX
1069.0,OKC,MCO
691.0,OKC,MDW
1222.0,OKC,MIA
694.0,OKC,MSP
693.0,OKC,ORD
1261.0,OKC,PHL
833.0,OKC,PHX
1519.0,OKC,SEA
1384.0,OKC,SFO
1359.0,OKC,SJC
866.0,OKC,SLC
462.0,OKC,STL
726.0,OKC,VPS
821.0,OMA,ATL
1026.0,OMA,AZA
612.0,OMA,BNA
913.0,OMA,CLT
586.0,OMA,DAL
1012.0,OMA,DCA
472.0,OMA,DEN
583.0,OMA,DFW
651.0,OMA,DTW
1134.0,OMA,EWR
804.0,OMA,HOU
781.0,OMA,IAH
1099.0,OMA,LAS
1330.0,OMA,LAX
1148.0,OMA,LGA
1211.0,OMA,MCO
423.0,OMA,MDW
1393.0,OMA,MIA
282.0,OMA,MSP
416.0,OMA,ORD
1269.0,OMA,PGD
1088.0,OMA,PHL
1037.0,OMA,PHX
1188.0,OMA,PIE
1299.0,OMA,RSW
1313.0,OMA,SAN
1368.0,OMA,SEA
1195.0,OMA,SFB
1433.0,OMA,SFO
840.0,OMA,SLC
342.0,OMA,STL
539.0,OME,ANC
183.0,OME,OTZ
1900.0,ONT,ATL
1196.0,ONT,AUS
1200.0,ONT,DAL
819.0,ONT,DEN
1188.0,ONT,DFW
1334.0,ONT,IAH
2429.0,ONT,JFK
197.0,ONT,LAS
2171.0,ONT,MCO
1706.0,ONT,MDW
362.0,ONT,OAK
1700.0,ONT,ORD
838.0,ONT,PDX
325.0,ONT,PHX
1166.0,ONT,SAT
956.0,ONT,SEA
363.0,ONT,SFO
333.0,ONT,SJC
558.0,ONT,SLC
390.0,ONT,SMF
654.0,ORD,ABE
1118.0,ORD,ABQ
723.0,ORD,ALB
234.0,ORD,ALO
2846.0,ORD,ANC
1013.0,ORD,ASE
606.0,ORD,ATL
161.0,ORD,ATW
507.0,ORD,ATY
977.0,ORD,AUS
536.0,ORD,AVL
632.0,ORD,AVP
122.0,ORD,AZO
783.0,ORD,BDL
583.0,ORD,BHM
716.0,ORD,BIS
116.0,ORD,BMI
409.0,ORD,BNA
1437.0,ORD,BOI
867.0,ORD,BOS
1233.0,ORD,BRO
763.0,ORD,BTV
473.0,ORD,BUF
621.0,ORD,BWI
1186.0,ORD,BZN
343.0,ORD,CAK
339.0,ORD,CGI
500.0,ORD,CHA
566.0,ORD,CHO
760.0,ORD,CHS
196.0,ORD,CID
444.0,ORD,CKB
315.0,ORD,CLE
599.0,ORD,CLT
296.0,ORD,CMH
135.0,ORD,CMI
360.0,ORD,CMX
911.0,ORD,COS
315.0,ORD,COU
416.0,ORD,CRW
264.0,ORD,CVG
213.0,ORD,CWA
240.0,ORD,DAY
147.0,ORD,DBQ
612.0,ORD,DCA
888.0,ORD,DEN
801.0,ORD,DFW
397.0,ORD,DLH
299.0,ORD,DSM
235.0,ORD,DTW
583.0,ORD,EAR
269.0,ORD,EAU
1007.0,ORD,EGE
1236.0,ORD,ELP
398.0,ORD,ERI
1780.0,ORD,EUG
272.0,ORD,EVV
719.0,ORD,EWR
1251.0,ORD,EYW
557.0,ORD,FAR
1730.0,ORD,FAT
1352.0,ORD,FCA
1182.0,ORD,FLL
223.0,ORD,FNT
463.0,ORD,FSD
157.0,ORD,FWA
1498.0,ORD,GEG
174.0,ORD,GRB
137.0,ORD,GRR
589.0,ORD,GSO
577.0,ORD,GSP
1009.0,ORD,HDN
4243.0,ORD,HNL
738.0,ORD,HPN
1219.0,ORD,HRL
510.0,ORD,HSV
588.0,ORD,IAD
925.0,ORD,IAH
588.0,ORD,ICT
177.0,ORD,IND
1162.0,ORD,JAC
677.0,ORD,JAN
864.0,ORD,JAX
740.0,ORD,JFK
484.0,ORD,JLN
179.0,ORD,LAN
1514.0,ORD,LAS
1744.0,ORD,LAX
323.0,ORD,LEX
733.0,ORD,LGA
552.0,ORD,LIT
466.0,ORD,LNK
215.0,ORD,LSE
489.0,ORD,LWB
222.0,ORD,MBS
403.0,ORD,MCI
1005.0,ORD,MCO
594.0,ORD,MDT
667.0,ORD,MEI
491.0,ORD,MEM
501.0,ORD,MHK
843.0,ORD,MHT
1197.0,ORD,MIA
67.0,ORD,MKE
119.0,ORD,MKG
139.0,ORD,MLI
303.0,ORD,MQT
109.0,ORD,MSN
334.0,ORD,MSP
836.0,ORD,MSY
1081.0,ORD,MTJ
4184.0,ORD,OGG
654.0,ORD,OGS
693.0,ORD,OKC
416.0,ORD,OMA
1700.0,ORD,ONT
717.0,ORD,ORF
342.0,ORD,PAH
1143.0,ORD,PBI
1739.0,ORD,PDX
678.0,ORD,PHL
1440.0,ORD,PHX
130.0,ORD,PIA
413.0,ORD,PIT
794.0,ORD,PNS
1652.0,ORD,PSP
849.0,ORD,PVD
900.0,ORD,PWM
780.0,ORD,RAP
646.0,ORD,RDU
642.0,ORD,RIC
1671.0,ORD,RNO
530.0,ORD,ROA
528.0,ORD,ROC
268.0,ORD,RST
1120.0,ORD,RSW
1723.0,ORD,SAN
1041.0,ORD,SAT
773.0,ORD,SAV
84.0,ORD,SBN
528.0,ORD,SCE
286.0,ORD,SDF
1721.0,ORD,SEA
1846.0,ORD,SFO
438.0,ORD,SGF
541.0,ORD,SHD
1829.0,ORD,SJC
2072.0,ORD,SJU
1250.0,ORD,SLC
559.0,ORD,SLN
1781.0,ORD,SMF
1726.0,ORD,SNA
174.0,ORD,SPI
1050.0,ORD,SRQ
258.0,ORD,STL
2115.0,ORD,STT
1341.0,ORD,SUN
436.0,ORD,SUX
607.0,ORD,SYR
213.0,ORD,TOL
1011.0,ORD,TPA
585.0,ORD,TUL
1437.0,ORD,TUS
224.0,ORD,TVC
475.0,ORD,TYS
222.0,ORD,
522.0,ORD,XNA
516.0,ORF,ATL
585.0,ORF,BNA
468.0,ORF,BOS
159.0,ORF,BWI
290.0,ORF,CLT
142.0,ORF,DCA
1553.0,ORF,DEN
1212.0,ORF,DFW
529.0,ORF,DTW
284.0,ORF,EWR
781.0,ORF,FLL
157.0,ORF,IAD
1201.0,ORF,IAH
542.0,ORF,JAX
290.0,ORF,JFK
2154.0,ORF,LAS
296.0,ORF,LGA
655.0,ORF,MCO
704.0,ORF,MDW
802.0,ORF,MIA
717.0,ORF,ORD
767.0,ORF,PGD
212.0,ORF,PHL
2029.0,ORF,PHX
726.0,ORF,PIE
631.0,ORF,SFB
717.0,ORF,TPA
588.0,ORH,DTW
1211.0,ORH,FLL
150.0,ORH,JFK
1091.0,ORH,MCO
412.0,OTH,SFO
548.0,OTZ,ANC
183.0,OTZ,OME
706.0,OWB,SFB
1036.0,PAE,DEN
710.0,PAE,SFO
45.0,PAH,CGI
342.0,PAH,ORD
1334.0,PBG,FLL
444.0,PBG,IAD
1262.0,PBG,PIE
1175.0,PBG,SFB
936.0,PBI,ACY
545.0,PBI,ATL
620.0,PBI,AVL
1133.0,PBI,BDL
1197.0,PBI,BOS
883.0,PBI,BWI
1020.0,PBI,CLE
590.0,PBI,CLT
932.0,PBI,CMH
892.0,PBI,CVG
857.0,PBI,DCA
1102.0,PBI,DFW
1086.0,PBI,DTW
1023.0,PBI,EWR
1056.0,PBI,HPN
956.0,PBI,IAH
967.0,PBI,IND
1052.0,PBI,ISP
1028.0,PBI,JFK
1035.0,PBI,LGA
1451.0,PBI,MSP
1143.0,PBI,ORD
951.0,PBI,PHL
952.0,PBI,PIT
1148.0,PBI,PVD
638.0,PBI,RDU
1023.0,PBI,STL
985.0,PBI,TTN
670.0,PBI,TYS
601.0,PBI,USA
1111.0,PDX,ABQ
1542.0,PDX,ANC
2172.0,PDX,ATL
1715.0,PDX,AUS
344.0,PDX,BOI
2537.0,PDX,BOS
817.0,PDX,BUR
2282.0,PDX,CLT
1626.0,PDX,DAL
2350.0,PDX,DCA
991.0,PDX,DEN
1616.0,PDX,DFW
1953.0,PDX,DTW
2434.0,PDX,EWR
626.0,PDX,FAT
279.0,PDX,GEG
2603.0,PDX,HNL
2327.0,PDX,IAD
1825.0,PDX,IAH
2454.0,PDX,JFK
2607.0,PDX,KOA
763.0,PDX,LAS
834.0,PDX,LAX
846.0,PDX,LGB
2631.0,PDX,LIH
1482.0,PDX,MCI
2534.0,PDX,MCO
1751.0,PDX,MDW
1426.0,PDX,MSP
543.0,PDX,OAK
2562.0,PDX,OGG
838.0,PDX,ONT
1739.0,PDX,ORD
1009.0,PDX,PHX
873.0,PDX,PSP
444.0,PDX,RNO
933.0,PDX,SAN
784.0,PDX,SBA
129.0,PDX,SEA
550.0,PDX,SFO
569.0,PDX,SJC
630.0,PDX,SLC
479.0,PDX,SMF
859.0,PDX,SNA
1708.0,PDX,STL
489.0,PDX,STS
1119.0,PDX,TUS
1018.0,PGD,ABE
1185.0,PGD,ALB
1250.0,PGD,ATW
588.0,PGD,AVL
921.0,PGD,BLV
692.0,PGD,BNA
428.0,PGD,CHS
1170.0,PGD,CID
999.0,PGD,CLE
850.0,PGD,CVG
904.0,PGD,DAY
1206.0,PGD,DSM
1090.0,PGD,ELM
1111.0,PGD,FNT
1415.0,PGD,FSD
986.0,PGD,FWA
1118.0,PGD,GRR
1129.0,PGD,IAG
916.0,PGD,IND
890.0,PGD,LCK
781.0,PGD,LEX
1125.0,PGD,MCI
963.0,PGD,MDT
733.0,PGD,MEM
1154.0,PGD,MKE
1113.0,PGD,MLI
1269.0,PGD,OMA
767.0,PGD,ORF
1045.0,PGD,PIA
941.0,PGD,PIT
1279.0,PGD,PSM
1184.0,PGD,PVD
645.0,PGD,RDU
1127.0,PGD,RFD
1143.0,PGD,ROC
1049.0,PGD,SBN
806.0,PGD,SDF
994.0,PGD,SPI
1447.0,PGD,STC
1101.0,PGD,SWF
1164.0,PGD,SYR
1016.0,PGD,TOL
1245.0,PGD,TVC
624.0,PGD,TYS
588.0,PGD,USA
508.0,PHF,ATL
282.0,PHF,CLT
287.0,PHL,
666.0,PHL,ATL
1430.0,PHL,AUS
504.0,PHL,AVL
196.0,PHL,BDL
772.0,PHL,BHM
675.0,PHL,BNA
280.0,PHL,BOS
335.0,PHL,BTV
279.0,PHL,BUF
90.0,PHL,BWI
335.0,PHL,CAK
641.0,PHL,CHA
550.0,PHL,CHS
363.0,PHL,CLE
449.0,PHL,CLT
406.0,PHL,CMH
356.0,PHL,CRW
357.0,PHL,CRW
507.0,PHL,CVG
1295.0,PHL,DAL
477.0,PHL,DAY
119.0,PHL,DCA
1558.0,PHL,DEN
1303.0,PHL,DFW
972.0,PHL,DSM
453.0,PHL,DTW
1678.0,PHL,EGE
1121.0,PHL,EYW
992.0,PHL,FLL
573.0,PHL,GRR
365.0,PHL,GSO
515.0,PHL,GSP
1336.0,PHL,HOU
157.0,PHL,
135.0,PHL,IAD
1325.0,PHL,IAH
413.0,PHL,ILM
588.0,PHL,IND
742.0,PHL,JAX
94.0,PHL,JFK
2176.0,PHL,LAS
2402.0,PHL,LAX
96.0,PHL,LGA
1038.0,PHL,MCI
861.0,PHL,MCO
668.0,PHL,MDW
875.0,PHL,MEM
289.0,PHL,MHT
1013.0,PHL,MIA
868.0,PHL,MLB
764.0,PHL,MSN
980.0,PHL,MSP
1089.0,PHL,MSY
473.0,PHL,MYR
1261.0,PHL,OKC
1088.0,PHL,OMA
678.0,PHL,ORD
212.0,PHL,ORF
951.0,PHL,PBI
201.0,PHL,PHF
2075.0,PHL,PHX
268.0,PHL,PIT
935.0,PHL,PNS
237.0,PHL,PVD
364.0,PHL,PWM
337.0,PHL,RDU
257.0,PHL,ROC
993.0,PHL,RSW
2370.0,PHL,SAN
1496.0,PHL,SAT
629.0,PHL,SAV
576.0,PHL,SDF
2378.0,PHL,SEA
2521.0,PHL,SFO
1576.0,PHL,SJU
1927.0,PHL,SLC
957.0,PHL,SRQ
814.0,PHL,STL
1605.0,PHL,STT
228.0,PHL,SYR
920.0,PHL,TPA
554.0,PHL,TYS
1066.0,PHL,XNA
328.0,PHX,ABQ
602.0,PHX,AMA
2552.0,PHX,ANC
491.0,PHX,ASE
1587.0,PHX,ATL
872.0,PHX,AUS
425.0,PHX,BFL
1449.0,PHX,BNA
735.0,PHX,BOI
2300.0,PHX,BOS
1912.0,PHX,BUF
369.0,PHX,BUR
1999.0,PHX,BWI
1252.0,PHX,CID
1737.0,PHX,CLE
1773.0,PHX,CLT
1670.0,PHX,CMH
551.0,PHX,COS
1569.0,PHX,CVG
879.0,PHX,DAL
1979.0,PHX,DCA
602.0,PHX,DEN
868.0,PHX,DFW
351.0,PHX,DRO
353.0,PHX,DRO
1149.0,PHX,DSM
1671.0,PHX,DTW
513.0,PHX,EGE
347.0,PHX,ELP
952.0,PHX,EUG
2133.0,PHX,EWR
1225.0,PHX,FAR
493.0,PHX,FAT
119.0,PHX,FLG
1972.0,PHX,FLL
1081.0,PHX,FSD
1020.0,PHX,GEG
438.0,PHX,GJT
1574.0,PHX,GRR
2917.0,PHX,HNL
1020.0,PHX,HOU
1956.0,PHX,IAD
1009.0,PHX,IAH
870.0,PHX,ICT
1488.0,PHX,IND
2153.0,PHX,JFK
2860.0,PHX,KOA
255.0,PHX,LAS
370.0,PHX,LAX
588.0,PHX,LBB
355.0,PHX,LGB
2979.0,PHX,LIH
1136.0,PHX,LIT
581.0,PHX,MAF
1044.0,PHX,MCI
1849.0,PHX,MCO
1444.0,PHX,MDW
1264.0,PHX,MEM
854.0,PHX,MFR
1972.0,PHX,MIA
1460.0,PHX,MKE
598.0,PHX,MRY
1396.0,PHX,MSN
1276.0,PHX,MSP
1300.0,PHX,MSY
419.0,PHX,MTJ
646.0,PHX,OAK
2845.0,PHX,OGG
833.0,PHX,OKC
1037.0,PHX,OMA
325.0,PHX,ONT
1440.0,PHX,ORD
2029.0,PHX,ORF
1009.0,PHX,PDX
2075.0,PHX,PHL
1814.0,PHX,PIT
261.0,PHX,PSP
876.0,PHX,RAP
893.0,PHX,RDM
1891.0,PHX,RDU
601.0,PHX,RNO
433.0,PHX,ROW
1868.0,PHX,RSW
370.0,PHX,SAF
304.0,PHX,SAN
843.0,PHX,SAT
455.0,PHX,SBA
509.0,PHX,SBP
1506.0,PHX,SDF
1107.0,PHX,SEA
651.0,PHX,SFO
262.0,PHX,SGU
621.0,PHX,SJC
507.0,PHX,SLC
647.0,PHX,SMF
338.0,PHX,SNA
1262.0,PHX,STL
699.0,PHX,STS
1788.0,PHX,TPA
935.0,PHX,TUL
110.0,PHX,TUS
160.0,PHX,YUM
565.0,PIA,ATL
1312.0,PIA,AZA
607.0,PIA,CLT
672.0,PIA,DFW
1413.0,PIA,LAS
342.0,PIA,MSP
130.0,PIA,ORD
1045.0,PIA,PGD
965.0,PIA,PIE
949.0,PIA,SFB
462.0,PIB,DFW
69.0,PIB,MEI
970.0,PIE,ABE
1138.0,PIE,ALB
1173.0,PIE,ATW
519.0,PIE,AVL
1760.0,PIE,AZA
1394.0,PIE,BGR
841.0,PIE,BLV
936.0,PIE,BMI
612.0,PIE,BNA
513.0,PIE,CHA
1090.0,PIE,CID
932.0,PIE,CLE
776.0,PIE,CVG
831.0,PIE,DAY
1126.0,PIE,DSM
1035.0,PIE,ELM
1040.0,PIE,FNT
1334.0,PIE,FSD
912.0,PIE,FWA
1044.0,PIE,GRR
587.0,PIE,GSO
482.0,PIE,GSP
721.0,PIE,HTS
1069.0,PIE,IAG
840.0,PIE,IND
821.0,PIE,LCK
707.0,PIE,LEX
1045.0,PIE,MCI
912.0,PIE,MDT
653.0,PIE,MEM
1077.0,PIE,MKE
1033.0,PIE,MLI
1224.0,PIE,OGS
1188.0,PIE,OMA
726.0,PIE,ORF
1262.0,PIE,PBG
965.0,PIE,PIA
878.0,PIE,PIT
595.0,PIE,RDU
1049.0,PIE,RFD
731.0,PIE,RIC
668.0,PIE,ROA
973.0,PIE,SBN
933.0,PIE,SCE
729.0,PIE,SDF
895.0,PIE,SGF
1055.0,PIE,SWF
1111.0,PIE,SYR
945.0,PIE,TOL
1172.0,PIE,TVC
550.0,PIE,TYS
528.0,PIE,USA
150.0,PIH,SLC
385.0,PIR,DEN
526.0,PIT,ATL
462.0,PIT,BNA
496.0,PIT,BOS
210.0,PIT,BWI
524.0,PIT,CHS
366.0,PIT,CLT
1060.0,PIT,DAL
204.0,PIT,DCA
1290.0,PIT,DEN
1067.0,PIT,DFW
201.0,PIT,DTW
319.0,PIT,EWR
994.0,PIT,FLL
1131.0,PIT,HOU
182.0,PIT,IAD
1117.0,PIT,IAH
694.0,PIT,JAX
340.0,PIT,JFK
1910.0,PIT,LAS
2136.0,PIT,LAX
335.0,PIT,LGA
834.0,PIT,MCO
402.0,PIT,MDW
1013.0,PIT,MIA
726.0,PIT,MSP
918.0,PIT,MSY
413.0,PIT,ORD
952.0,PIT,PBI
941.0,PIT,PGD
268.0,PIT,PHL
1814.0,PIT,PHX
878.0,PIT,PIE
328.0,PIT,RDU
966.0,PIT,RSW
2106.0,PIT,SAN
579.0,PIT,SAV
2125.0,PIT,SEA
809.0,PIT,SFB
2254.0,PIT,SFO
1739.0,PIT,SJU
1660.0,PIT,SLC
912.0,PIT,SRQ
554.0,PIT,STL
873.0,PIT,TPA
69.0,PLN,APN
243.0,PLN,DTW
271.0,PNS,ATL
391.0,PNS,BNA
488.0,PNS,CLT
816.0,PNS,DCA
1179.0,PNS,DEN
604.0,PNS,DFW
488.0,PNS,HOU
489.0,PNS,IAH
530.0,PNS,MIA
794.0,PNS,ORD
935.0,PNS,PHL
2599.0,PPG,HNL
557.0,PRC,DEN
346.0,PRC,LAX
977.0,PSC,AZA
852.0,PSC,DEN
732.0,PSC,LAS
851.0,PSC,LAX
1254.0,PSC,MSP
172.0,PSC,SEA
620.0,PSC,SFO
521.0,PSC,SLC
1617.0,PSE,JFK
1179.0,PSE,MCO
123.0,PSG,JNU
31.0,PSG,WRG
1167.0,PSM,MCO
1279.0,PSM,PGD
1144.0,PSM,SFB
1840.0,PSP,ATL
1078.0,PSP,BLI
776.0,PSP,DEN
1126.0,PSP,DFW
2358.0,PSP,EWR
1269.0,PSP,IAH
2378.0,PSP,JFK
110.0,PSP,LAX
1454.0,PSP,MSP
1652.0,PSP,ORD
873.0,PSP,PDX
261.0,PSP,PHX
987.0,PSP,SEA
421.0,PSP,SFO
541.0,PSP,SLC
109.0,PUB,DEN
212.0,PUB,LBL
903.0,PVD,ATL
327.0,PVD,BWI
683.0,PVD,CLT
356.0,PVD,DCA
615.0,PVD,DTW
160.0,PVD,EWR
1188.0,PVD,FLL
371.0,PVD,IAD
1072.0,PVD,MCO
842.0,PVD,MDW
1209.0,PVD,MIA
849.0,PVD,ORD
1148.0,PVD,PBI
1184.0,PVD,PGD
237.0,PVD,PHL
1200.0,PVD,RSW
1136.0,PVD,TPA
477.0,PVU,AZA
569.0,PVU,LAX
560.0,PVU,TUS
1027.0,PWM,ATL
452.0,PWM,BWI
813.0,PWM,CLT
482.0,PWM,DCA
668.0,PWM,DTW
284.0,PWM,EWR
493.0,PWM,IAD
273.0,PWM,JFK
269.0,PWM,LGA
1214.0,PWM,MCO
900.0,PWM,ORD
364.0,PWM,PHL
1343.0,PWM,RSW
1277.0,PWM,TPA
873.0,RAP,AZA
300.0,RAP,DEN
835.0,RAP,DFW
843.0,RAP,LAS
489.0,RAP,MSP
780.0,RAP,ORD
876.0,RAP,PHX
508.0,RAP,SLC
501.0,RDD,LAX
199.0,RDD,SFO
911.0,RDM,AZA
898.0,RDM,DEN
647.0,RDM,LAS
726.0,RDM,LAX
893.0,RDM,PHX
228.0,RDM,SEA
462.0,RDM,SFO
525.0,RDM,SLC
356.0,RDU,ATL
1162.0,RDU,AUS
532.0,RDU,BDL
442.0,RDU,BNA
612.0,RDU,BOS
255.0,RDU,BWI
130.0,RDU,CLT
362.0,RDU,CMH
390.0,RDU,CVG
1052.0,RDU,DAL
227.0,RDU,DCA
1436.0,RDU,DEN
1061.0,RDU,DFW
501.0,RDU,DTW
416.0,RDU,EWR
680.0,RDU,FLL
1050.0,RDU,HOU
224.0,RDU,IAD
1042.0,RDU,IAH
489.0,RDU,IND
407.0,RDU,JAX
427.0,RDU,JFK
2026.0,RDU,LAS
2239.0,RDU,LAX
431.0,RDU,LGA
904.0,RDU,MCI
534.0,RDU,MCO
632.0,RDU,MDW
700.0,RDU,MIA
980.0,RDU,MSP
779.0,RDU,MSY
646.0,RDU,ORD
638.0,RDU,PBI
645.0,RDU,PGD
337.0,RDU,PHL
1891.0,RDU,PHX
595.0,RDU,PIE
328.0,RDU,PIT
667.0,RDU,RSW
2193.0,RDU,SAN
1224.0,RDU,SAT
2354.0,RDU,SEA
510.0,RDU,SFB
2400.0,RDU,SFO
1433.0,RDU,SJU
1823.0,RDU,SLC
667.0,RDU,STL
587.0,RDU,TPA
373.0,RDU,TTN
1373.0,RFD,AZA
1455.0,RFD,LAS
1127.0,RFD,PGD
1049.0,RFD,PIE
1025.0,RFD,SFB
1085.0,RFD,SRQ
190.0,RHI,MSP
481.0,RIC,ATL
527.0,RIC,BNA
474.0,RIC,BOS
257.0,RIC,CLT
1482.0,RIC,DEN
1158.0,RIC,DFW
456.0,RIC,DTW
277.0,RIC,EWR
805.0,RIC,FLL
100.0,RIC,IAD
1157.0,RIC,IAH
288.0,RIC,JFK
292.0,RIC,LGA
667.0,RIC,MCO
825.0,RIC,MIA
970.0,RIC,MSP
642.0,RIC,ORD
731.0,RIC,PIE
643.0,RIC,SFB
760.0,RIC,SRQ
723.0,RIC,TPA
296.0,RIW,DEN
139.0,RIW,SHR
260.0,RKS,DEN
1993.0,RNO,ATL
1356.0,RNO,DAL
804.0,RNO,DEN
1345.0,RNO,DFW
1530.0,RNO,IAH
2411.0,RNO,JFK
345.0,RNO,LAS
391.0,RNO,LAX
402.0,RNO,LGB
1405.0,RNO,MSP
181.0,RNO,OAK
1671.0,RNO,ORD
444.0,RNO,PDX
601.0,RNO,PHX
488.0,RNO,SAN
564.0,RNO,SEA
192.0,RNO,SFO
188.0,RNO,SJC
422.0,RNO,SLC
357.0,ROA,ATL
155.0,ROA,CLT
177.0,ROA,IAD
405.0,ROA,LGA
530.0,ROA,ORD
668.0,ROA,PIE
594.0,ROA,SFB
749.0,ROC,ATL
343.0,ROC,BOS
277.0,ROC,BWI
573.0,ROC,CLT
296.0,ROC,DCA
296.0,ROC,DTW
246.0,ROC,EWR
1183.0,ROC,FLL
288.0,ROC,IAD
264.0,ROC,JFK
254.0,ROC,LGA
1033.0,ROC,MCO
783.0,ROC,MSP
528.0,ROC,ORD
1143.0,ROC,PGD
257.0,ROC,PHL
1166.0,ROC,RSW
1009.0,ROC,SFB
1079.0,ROC,TPA
435.0,ROW,DFW
433.0,ROW,PHX
831.0,RST,ATL
295.0,RST,FAR
76.0,RST,MSP
268.0,RST,ORD
982.0,RSW,ACY
1205.0,RSW,ALB
515.0,RSW,ATL
1180.0,RSW,BDL
722.0,RSW,BNA
1249.0,RSW,BOS
1144.0,RSW,BUF
919.0,RSW,BWI
991.0,RSW,CAK
1025.0,RSW,CLE
600.0,RSW,CLT
930.0,RSW,CMH
879.0,RSW,CVG
1005.0,RSW,DAL
892.0,RSW,DCA
1607.0,RSW,DEN
1017.0,RSW,DFW
1084.0,RSW,DTW
1068.0,RSW,EWR
1147.0,RSW,GRR
1102.0,RSW,HPN
891.0,RSW,IAD
861.0,RSW,IAH
945.0,RSW,IND
1101.0,RSW,ISP
1074.0,RSW,JFK
2070.0,RSW,LAS
956.0,RSW,LBE
1080.0,RSW,LGA
1155.0,RSW,MCI
1105.0,RSW,MDW
104.0,RSW,MIA
1183.0,RSW,MKE
1416.0,RSW,MSP
1299.0,RSW,OMA
1120.0,RSW,ORD
993.0,RSW,PHL
1868.0,RSW,PHX
966.0,RSW,PIT
1200.0,RSW,PVD
1343.0,RSW,PWM
667.0,RSW,RDU
1166.0,RSW,ROC
1985.0,RSW,SLC
979.0,RSW,STL
1186.0,RSW,SYR
1028.0,RSW,TTN
551.0,SAF,DFW
370.0,SAF,PHX
628.0,SAN,ABQ
1892.0,SAN,ATL
1164.0,SAN,AUS
1142.0,SAN,BLI
1751.0,SAN,BNA
749.0,SAN,BOI
2588.0,SAN,BOS
2295.0,SAN,BWI
2026.0,SAN,CLE
2077.0,SAN,CLT
1865.0,SAN,CVG
1182.0,SAN,DAL
853.0,SAN,DEN
1171.0,SAN,DFW
1956.0,SAN,DTW
636.0,SAN,ELP
2425.0,SAN,EWR
314.0,SAN,FAT
2269.0,SAN,FLL
1027.0,SAN,GEG
769.0,SAN,HDN
2614.0,SAN,HNL
1313.0,SAN,HOU
2253.0,SAN,IAD
1303.0,SAN,IAH
1782.0,SAN,IND
2446.0,SAN,JFK
2556.0,SAN,KOA
258.0,SAN,LAS
109.0,SAN,LAX
2676.0,SAN,LIH
1334.0,SAN,MCI
2149.0,SAN,MCO
1728.0,SAN,MDW
2267.0,SAN,MIA
1739.0,SAN,MKE
375.0,SAN,MRY
1532.0,SAN,MSP
1599.0,SAN,MSY
446.0,SAN,OAK
2541.0,SAN,OGG
1313.0,SAN,OMA
1723.0,SAN,ORD
933.0,SAN,PDX
2370.0,SAN,PHL
304.0,SAN,PHX
2106.0,SAN,PIT
2193.0,SAN,RDU
488.0,SAN,RNO
1129.0,SAN,SAT
263.0,SAN,SBP
1050.0,SAN,SEA
447.0,SAN,SFO
417.0,SAN,SJC
626.0,SAN,SLC
480.0,SAN,SMF
1557.0,SAN,STL
508.0,SAN,STS
2087.0,SAN,TPA
368.0,SAN,TUS
874.0,SAT,ATL
822.0,SAT,BNA
1407.0,SAT,BWI
1095.0,SAT,CLT
1024.0,SAT,CVG
247.0,SAT,DAL
794.0,SAT,DEN
247.0,SAT,DFW
1214.0,SAT,DTW
496.0,SAT,ELP
1569.0,SAT,EWR
1145.0,SAT,FLL
192.0,SAT,HOU
1362.0,SAT,IAD
191.0,SAT,IAH
1587.0,SAT,JFK
1069.0,SAT,LAS
1211.0,SAT,LAX
706.0,SAT,MCI
1041.0,SAT,MCO
1036.0,SAT,MDW
1143.0,SAT,MIA
1097.0,SAT,MSP
494.0,SAT,MSY
1476.0,SAT,OAK
1166.0,SAT,ONT
1041.0,SAT,ORD
1496.0,SAT,PHL
843.0,SAT,PHX
1224.0,SAT,RDU
1129.0,SAT,SAN
1774.0,SAT,SEA
1042.0,SAT,SFB
1482.0,SAT,SFO
1087.0,SAT,SLC
1177.0,SAT,SNA
786.0,SAT,STL
972.0,SAT,TPA
214.0,SAV,ATL
241.0,SAV,AVL
901.0,SAV,BOS
549.0,SAV,BWI
641.0,SAV,CLE
213.0,SAV,CLT
515.0,SAV,CVG
519.0,SAV,DCA
1414.0,SAV,DEN
925.0,SAV,DFW
705.0,SAV,DTW
708.0,SAV,EWR
778.0,SAV,GRR
515.0,SAV,IAD
851.0,SAV,IAH
718.0,SAV,JFK
539.0,SAV,LCK
722.0,SAV,LGA
440.0,SAV,MIA
773.0,SAV,ORD
629.0,SAV,PHL
579.0,SAV,PIT
916.0,SBA,DEN
1316.0,SBA,DFW
89.0,SBA,LAX
784.0,SBA,PDX
455.0,SBA,PHX
908.0,SBA,SEA
262.0,SBA,SFO
615.0,SBA,SLC
566.0,SBN,ATL
1501.0,SBN,AZA
534.0,SBN,CLT
846.0,SBN,DFW
157.0,SBN,DTW
637.0,SBN,EWR
1594.0,SBN,LAS
411.0,SBN,MSP
84.0,SBN,ORD
1049.0,SBN,PGD
973.0,SBN,PIE
936.0,SBN,SFB
1009.0,SBN,SRQ
931.0,SBP,DEN
1360.0,SBP,DFW
156.0,SBP,LAX
509.0,SBP,PHX
263.0,SBP,SAN
847.0,SBP,SEA
190.0,SBP,SFO
626.0,SCC,ANC
204.0,SCC,BRW
301.0,SCE,DTW
528.0,SCE,ORD
933.0,SCE,PIE
854.0,SCE,SFB
625.0,SCK,AZA
359.0,SCK,LAS
315.0,SCK,LAX
321.0,SDF,ATL
495.0,SDF,BWI
335.0,SDF,CLT
725.0,SDF,DAL
474.0,SDF,DCA
1024.0,SDF,DEN
733.0,SDF,DFW
306.0,SDF,DTW
642.0,SDF,EWR
895.0,SDF,FLL
803.0,SDF,HOU
451.0,SDF,IAD
788.0,SDF,IAH
1624.0,SDF,LAS
1843.0,SDF,LAX
659.0,SDF,LGA
719.0,SDF,MCO
271.0,SDF,MDW
910.0,SDF,MIA
604.0,SDF,MSP
620.0,SDF,MSY
286.0,SDF,ORD
806.0,SDF,PGD
576.0,SDF,PHL
1506.0,SDF,PHX
729.0,SDF,PIE
698.0,SDF,SFB
765.0,SDF,SRQ
727.0,SDF,TPA
532.0,SDF,VPS
1180.0,SEA,ABQ
1448.0,SEA,ANC
2182.0,SEA,ATL
1770.0,SEA,AUS
93.0,SEA,BLI
1978.0,SEA,BNA
399.0,SEA,BOI
2496.0,SEA,BOS
937.0,SEA,BUR
2335.0,SEA,BWI
543.0,SEA,BZN
2415.0,SEA,CHS
2279.0,SEA,CLT
2016.0,SEA,CMH
1965.0,SEA,CVG
1670.0,SEA,DAL
2329.0,SEA,DCA
1024.0,SEA,DEN
1660.0,SEA,DFW
1927.0,SEA,DTW
234.0,SEA,EUG
2402.0,SEA,EWR
1533.0,SEA,FAI
748.0,SEA,FAT
2717.0,SEA,FLL
224.0,SEA,GEG
2677.0,SEA,HNL
2306.0,SEA,IAD
1874.0,SEA,IAH
1430.0,SEA,ICT
1866.0,SEA,IND
621.0,SEA,JAC
2422.0,SEA,JFK
909.0,SEA,JNU
2688.0,SEA,KOA
680.0,SEA,KTN
867.0,SEA,LAS
954.0,SEA,LAX
965.0,SEA,LGB
2701.0,SEA,LIH
1489.0,SEA,MCI
2554.0,SEA,MCO
1733.0,SEA,MDW
352.0,SEA,MFR
2724.0,SEA,MIA
1694.0,SEA,MKE
1399.0,SEA,MSP
2086.0,SEA,MSY
672.0,SEA,OAK
2640.0,SEA,OGG
1519.0,SEA,OKC
1368.0,SEA,OMA
956.0,SEA,ONT
1721.0,SEA,ORD
129.0,SEA,PDX
2378.0,SEA,PHL
1107.0,SEA,PHX
2125.0,SEA,PIT
172.0,SEA,PSC
987.0,SEA,PSP
228.0,SEA,RDM
2354.0,SEA,RDU
564.0,SEA,RNO
1050.0,SEA,SAN
1774.0,SEA,SAT
908.0,SEA,SBA
847.0,SEA,SBP
679.0,SEA,SFO
696.0,SEA,SJC
689.0,SEA,SLC
605.0,SEA,SMF
978.0,SEA,SNA
1709.0,SEA,STL
618.0,SEA,STS
2520.0,SEA,TPA
1216.0,SEA,TUS
882.0,SFB,ABE
1049.0,SFB,ALB
1141.0,SFB,ATW
994.0,SFB,AUS
465.0,SFB,AVL
1299.0,SFB,BGR
1628.0,SFB,BIS
835.0,SFB,BLV
917.0,SFB,BMI
598.0,SFB,BNA
490.0,SFB,CHA
1078.0,SFB,CID
727.0,SFB,CKB
735.0,SFB,CVG
1124.0,SFB,DSM
954.0,SFB,ELM
734.0,SFB,EVV
1508.0,SFB,FAR
988.0,SFB,FNT
1334.0,SFB,FSD
870.0,SFB,FWA
485.0,SFB,GPT
1001.0,SFB,GRR
510.0,SFB,GSO
425.0,SFB,GSP
426.0,SFB,GSP
780.0,SFB,HGR
665.0,SFB,HTS
996.0,SFB,IAG
807.0,SFB,IND
767.0,SFB,LCK
667.0,SFB,LEX
765.0,SFB,LIT
827.0,SFB,MDT
671.0,SFB,MEM
1059.0,SFB,MFE
1045.0,SFB,MKE
1018.0,SFB,MLI
1142.0,SFB,OGS
1195.0,SFB,OMA
631.0,SFB,ORF
706.0,SFB,OWB
1175.0,SFB,PBG
949.0,SFB,PIA
809.0,SFB,PIT
1144.0,SFB,PSM
510.0,SFB,RDU
1025.0,SFB,RFD
643.0,SFB,RIC
594.0,SFB,ROA
1009.0,SFB,ROC
1042.0,SFB,SAT
936.0,SFB,SBN
854.0,SFB,SCE
698.0,SFB,SDF
914.0,SFB,SGF
1198.0,SFB,SJU
965.0,SFB,SWF
1029.0,SFB,SYR
895.0,SFB,TOL
535.0,SFB,PSC
995.0,SFB,TUL
1126.0,SFB,TVC
511.0,SFB,TYS
457.0,SFB,USA
920.0,SFB,XNA
896.0,SFO,ABQ
250.0,SFO,ACV
848.0,SFO,ASE
2139.0,SFO,ATL
1504.0,SFO,AUS
238.0,SFO,BFL
2013.0,SFO,BHM
1969.0,SFO,BNA
522.0,SFO,BOI
2704.0,SFO,BOS
326.0,SFO,BUR
2457.0,SFO,BWI
807.0,SFO,BZN
2161.0,SFO,CLE
2296.0,SFO,CLT
2120.0,SFO,CMH
2036.0,SFO,CVG
1476.0,SFO,DAL
2442.0,SFO,DCA
967.0,SFO,DEN
1464.0,SFO,DFW
2079.0,SFO,DTW
847.0,SFO,EGE
451.0,SFO,EUG
2565.0,SFO,EWR
158.0,SFO,FAT
2584.0,SFO,FLL
733.0,SFO,GEG
2233.0,SFO,GSP
838.0,SFO,HDN
2398.0,SFO,HNL
2419.0,SFO,IAD
1635.0,SFO,IAH
1943.0,SFO,IND
737.0,SFO,JAC
2586.0,SFO,JFK
2367.0,SFO,KOA
414.0,SFO,LAS
337.0,SFO,LAX
354.0,SFO,LGB
2447.0,SFO,LIH
1499.0,SFO,MCI
2446.0,SFO,MCO
1855.0,SFO,MDW
329.0,SFO,MFR
2585.0,SFO,MIA
193.0,SFO,
77.0,SFO,MRY
1772.0,SFO,MSN
1589.0,SFO,MSP
1911.0,SFO,MSY
791.0,SFO,MTJ
2338.0,SFO,OGG
1384.0,SFO,OKC
1433.0,SFO,OMA
363.0,SFO,ONT
1846.0,SFO,ORD
412.0,SFO,OTH
710.0,SFO,PAE
550.0,SFO,PDX
2521.0,SFO,PHL
651.0,SFO,PHX
2254.0,SFO,PIT
620.0,SFO,PSC
421.0,SFO,PSP
199.0,SFO,RDD
462.0,SFO,RDM
2400.0,SFO,RDU
192.0,SFO,RNO
447.0,SFO,SAN
1482.0,SFO,SAT
262.0,SFO,SBA
190.0,SFO,SBP
679.0,SFO,SEA
599.0,SFO,SLC
86.0,SFO,SMF
372.0,SFO,SNA
1735.0,SFO,STL
66.0,SFO,STS
587.0,SFO,SUN
2393.0,SFO,TPA
751.0,SFO,TUS
1550.0,SFO,XNA
563.0,SGF,ATL
1066.0,SGF,AZA
708.0,SGF,CLT
637.0,SGF,DEN
364.0,SGF,DFW
513.0,SGF,IAH
1209.0,SGF,LAS
1423.0,SGF,LAX
438.0,SGF,ORD
895.0,SGF,PIE
914.0,SGF,SFB
610.0,SGF,VPS
278.0,SGU,AZA
517.0,SGU,DEN
976.0,SGU,DFW
349.0,SGU,LAX
262.0,SGU,PHX
272.0,SGU,SLC
91.0,SHD,IAD
541.0,SHD,ORD
359.0,SHR,DEN
139.0,SHR,RIW
551.0,SHV,ATL
764.0,SHV,CLT
792.0,SHV,DEN
190.0,SHV,DFW
192.0,SHV,IAH
1243.0,SHV,LAS
95.0,SIT,JNU
183.0,SIT,KTN
870.0,SJC,ABQ
2116.0,SJC,ATL
1476.0,SJC,AUS
1990.0,SJC,BHM
1947.0,SJC,BNA
523.0,SJC,BOI
2689.0,SJC,BOS
296.0,SJC,BUR
2439.0,SJC,BWI
1450.0,SJC,DAL
948.0,SJC,DEN
1438.0,SJC,DFW
2062.0,SJC,DTW
964.0,SJC,ELP
2548.0,SJC,EWR
2557.0,SJC,FLL
742.0,SJC,GEG
2211.0,SJC,GSP
2417.0,SJC,HNL
1621.0,SJC,HOU
1608.0,SJC,IAH
2569.0,SJC,JFK
2384.0,SJC,KOA
386.0,SJC,LAS
308.0,SJC,LAX
324.0,SJC,LGB
2466.0,SJC,LIH
1479.0,SJC,MCI
2421.0,SJC,MCO
1838.0,SJC,MDW
2559.0,SJC,MIA
1575.0,SJC,MSP
1884.0,SJC,MSY
2355.0,SJC,OGG
333.0,SJC,ONT
1829.0,SJC,ORD
569.0,SJC,PDX
621.0,SJC,PHX
390.0,SJC,PSP
188.0,SJC,RNO
417.0,SJC,SAN
696.0,SJC,SEA
584.0,SJC,SLC
342.0,SJC,SNA
1715.0,SJC,STL
722.0,SJC,TUS
229.0,SJT,DFW
1547.0,SJU,ATL
1666.0,SJU,BDL
1674.0,SJU,BOS
1565.0,SJU,BWI
1475.0,SJU,CLT
1808.0,SJU,CVG
1554.0,SJU,DCA
2165.0,SJU,DFW
1930.0,SJU,DTW
1608.0,SJU,EWR
1046.0,SJU,FLL
1997.0,SJU,HOU
1571.0,SJU,IAD
2007.0,SJU,IAH
1598.0,SJU,JFK
1189.0,SJU,MCO
2057.0,SJU,MDW
1045.0,SJU,MIA
2404.0,SJU,MSP
2072.0,SJU,ORD
1576.0,SJU,PHL
1739.0,SJU,PIT
1433.0,SJU,RDU
1198.0,SJU,SFB
68.0,SJU,STT
94.0,SJU,STX
1237.0,SJU,TPA
493.0,SLC,ABQ
292.0,SLC,ASE
1590.0,SLC,ATL
1086.0,SLC,AUS
387.0,SLC,BIL
1404.0,SLC,BNA
290.0,SLC,BOI
2105.0,SLC,BOS
358.0,SLC,BTM
574.0,SLC,BUR
1865.0,SLC,BWI
347.0,SLC,BZN
221.0,SLC,CDC
1565.0,SLC,CLE
1727.0,SLC,CLT
1528.0,SLC,CMH
411.0,SLC,COS
320.0,SLC,CPR
1450.0,SLC,CVG
999.0,SLC,DAL
1851.0,SLC,DCA
391.0,SLC,DEN
989.0,SLC,DFW
955.0,SLC,DSM
1481.0,SLC,DTW
279.0,SLC,EGE
200.0,SLC,EKO
693.0,SLC,ELP
618.0,SLC,EUG
1969.0,SLC,EWR
501.0,SLC,FAT
531.0,SLC,FCA
2084.0,SLC,FLL
546.0,SLC,GEG
216.0,SLC,GJT
463.0,SLC,GTF
402.0,SLC,HLN
2994.0,SLC,HNL
1214.0,SLC,HOU
1828.0,SLC,IAD
1195.0,SLC,IAH
188.0,SLC,IDA
1355.0,SLC,IND
205.0,SLC,JAC
1990.0,SLC,JFK
368.0,SLC,LAS
590.0,SLC,LAX
588.0,SLC,LGB
461.0,SLC,LWS
920.0,SLC,MCI
1931.0,SLC,MCO
1259.0,SLC,MDW
575.0,SLC,MFR
1247.0,SLC,MKE
1174.0,SLC,MSN
436.0,SLC,MSO
991.0,SLC,MSP
1428.0,SLC,MSY
269.0,SLC,MTJ
588.0,SLC,OAK
2935.0,SLC,OGG
866.0,SLC,OKC
840.0,SLC,OMA
558.0,SLC,ONT
1250.0,SLC,ORD
630.0,SLC,PDX
1927.0,SLC,PHL
507.0,SLC,PHX
150.0,SLC,PIH
1660.0,SLC,PIT
521.0,SLC,PSC
541.0,SLC,PSP
508.0,SLC,RAP
525.0,SLC,RDM
1823.0,SLC,RDU
422.0,SLC,RNO
1985.0,SLC,RSW
626.0,SLC,SAN
1087.0,SLC,SAT
615.0,SLC,SBA
689.0,SLC,SEA
599.0,SLC,SFO
272.0,SLC,SGU
584.0,SLC,SJC
532.0,SLC,SMF
588.0,SLC,SNA
1156.0,SLC,STL
222.0,SLC,SUN
1888.0,SLC,TPA
926.0,SLC,TUL
601.0,SLC,TUS
175.0,SLC,TWF
88.0,SLN,HYS
559.0,SLN,ORD
2092.0,SMF,ATL
1481.0,SMF,AUS
437.0,SMF,BOI
2636.0,SMF,BOS
358.0,SMF,BUR
2395.0,SMF,BWI
2244.0,SMF,CLT
1442.0,SMF,DAL
909.0,SMF,DEN
1431.0,SMF,DFW
2013.0,SMF,DTW
2500.0,SMF,EWR
649.0,SMF,GEG
2462.0,SMF,HNL
1624.0,SMF,HOU
2358.0,SMF,IAD
1609.0,SMF,IAH
2521.0,SMF,JFK
2435.0,SMF,KOA
397.0,SMF,LAS
373.0,SMF,LAX
387.0,SMF,LGB
2408.0,SMF,MCO
1790.0,SMF,MDW
1517.0,SMF,MSP
1878.0,SMF,MSY
2404.0,SMF,OGG
390.0,SMF,ONT
1781.0,SMF,ORD
479.0,SMF,PDX
647.0,SMF,PHX
480.0,SMF,SAN
605.0,SMF,SEA
86.0,SMF,SFO
532.0,SMF,SLC
404.0,SMF,SNA
1679.0,SMF,STL
310.0,SMX,LAS
1919.0,SNA,ATL
1209.0,SNA,AUS
1216.0,SNA,DAL
846.0,SNA,DEN
1205.0,SNA,DFW
1960.0,SNA,DTW
2434.0,SNA,EWR
1357.0,SNA,HOU
1346.0,SNA,IAH
2454.0,SNA,JFK
226.0,SNA,LAS
1522.0,SNA,MSP
371.0,SNA,OAK
1726.0,SNA,ORD
859.0,SNA,PDX
338.0,SNA,PHX
1177.0,SNA,SAT
978.0,SNA,SEA
372.0,SNA,SFO
342.0,SNA,SJC
588.0,SNA,SLC
404.0,SNA,SMF
433.0,SNA,STS
630.0,SPI,DFW
174.0,SPI,ORD
994.0,SPI,PGD
129.0,SPN,GUM
113.0,SPS,DFW
444.0,SRQ,ATL
554.0,SRQ,AVL
876.0,SRQ,BLV
648.0,SRQ,BNA
1220.0,SRQ,BOS
880.0,SRQ,BWI
967.0,SRQ,CLE
547.0,SRQ,CLT
812.0,SRQ,CVG
851.0,SRQ,DCA
945.0,SRQ,DFW
1160.0,SRQ,DSM
1022.0,SRQ,DTW
1034.0,SRQ,EWR
1075.0,SRQ,FNT
948.0,SRQ,FWA
1080.0,SRQ,GRR
849.0,SRQ,IAD
876.0,SRQ,IND
1041.0,SRQ,JFK
856.0,SRQ,LCK
1047.0,SRQ,LGA
942.0,SRQ,MDT
1342.0,SRQ,MSP
1050.0,SRQ,ORD
957.0,SRQ,PHL
912.0,SRQ,PIT
1085.0,SRQ,RFD
760.0,SRQ,RIC
1009.0,SRQ,SBN
765.0,SRQ,SDF
1142.0,SRQ,SYR
992.0,SRQ,TTN
586.0,SRQ,TYS
1259.0,STC,AZA
1447.0,STC,PGD
484.0,STL,ATL
721.0,STL,AUS
957.0,STL,BDL
272.0,STL,BNA
1047.0,STL,BOS
738.0,STL,BWI
487.0,STL,CLE
575.0,STL,CLT
409.0,STL,CMH
308.0,STL,CVG
546.0,STL,DAL
719.0,STL,DCA
770.0,STL,DEN
550.0,STL,DFW
259.0,STL,DSM
440.0,STL,DTW
872.0,STL,EWR
1057.0,STL,FLL
687.0,STL,HOU
696.0,STL,IAD
667.0,STL,IAH
392.0,STL,ICT
753.0,STL,JAX
1371.0,STL,LAS
1592.0,STL,LAX
888.0,STL,LGA
296.0,STL,LIT
237.0,STL,MCI
882.0,STL,MCO
251.0,STL,MDW
1068.0,STL,MIA
317.0,STL,MKE
448.0,STL,MSP
604.0,STL,MSY
1725.0,STL,OAK
462.0,STL,OKC
342.0,STL,OMA
258.0,STL,ORD
1023.0,STL,PBI
1708.0,STL,PDX
814.0,STL,PHL
1262.0,STL,PHX
554.0,STL,PIT
667.0,STL,RDU
979.0,STL,RSW
1557.0,STL,SAN
786.0,STL,SAT
1709.0,STL,SEA
1735.0,STL,SFO
1715.0,STL,SJC
1156.0,STL,SLC
1679.0,STL,SMF
869.0,STL,TPA
351.0,STL,TUL
977.0,STS,DEN
1495.0,STS,DFW
400.0,STS,LAX
489.0,STS,PDX
699.0,STS,PHX
508.0,STS,SAN
618.0,STS,SEA
66.0,STS,SFO
433.0,STS,SNA
1599.0,STT,ATL
1693.0,STT,BOS
1520.0,STT,CLT
2225.0,STT,DFW
1634.0,STT,EWR
1107.0,STT,FLL
1606.0,STT,IAD
2070.0,STT,IAH
1623.0,STT,JFK
1246.0,STT,MCO
1107.0,STT,MIA
2115.0,STT,ORD
1605.0,STT,PHL
68.0,STT,SJU
1638.0,STX,ATL
1562.0,STX,CLT
1140.0,STX,FLL
1139.0,STX,MIA
94.0,STX,SJU
557.0,SUN,DEN
696.0,SUN,LAX
1341.0,SUN,ORD
587.0,SUN,SFO
222.0,SUN,SLC
657.0,SUX,DFW
436.0,SUX,ORD
479.0,SWF,DTW
1118.0,SWF,FLL
989.0,SWF,MCO
1101.0,SWF,PGD
1055.0,SWF,PIE
965.0,SWF,SFB
225.0,SWO,DFW
794.0,SYR,ATL
741.0,SYR,BNA
265.0,SYR,BOS
603.0,SYR,CLT
298.0,SYR,DCA
1492.0,SYR,DEN
374.0,SYR,DTW
195.0,SYR,EWR
1197.0,SYR,FLL
296.0,SYR,IAD
209.0,SYR,JFK
198.0,SYR,LGA
1053.0,SYR,MCO
607.0,SYR,ORD
1164.0,SYR,PGD
228.0,SYR,PHL
1111.0,SYR,PIE
1186.0,SYR,RSW
1029.0,SYR,SFB
1142.0,SYR,SRQ
1104.0,SYR,TPA
223.0,TLH,ATL
386.0,TLH,CLT
716.0,TLH,DCA
767.0,TLH,DFW
402.0,TLH,MIA
466.0,TOL,CLT
213.0,TOL,ORD
1016.0,TOL,PGD
945.0,TOL,PIE
895.0,TOL,SFB
913.0,TPA,ACY
1130.0,TPA,ALB
406.0,TPA,ATL
928.0,TPA,AUS
514.0,TPA,AVL
1111.0,TPA,BDL
459.0,TPA,BHM
612.0,TPA,BNA
1185.0,TPA,BOS
1053.0,TPA,BUF
842.0,TPA,BWI
894.0,TPA,CAK
927.0,TPA,CLE
507.0,TPA,CLT
829.0,TPA,CMH
773.0,TPA,CVG
917.0,TPA,DAL
814.0,TPA,DCA
1506.0,TPA,DEN
929.0,TPA,DFW
983.0,TPA,DTW
997.0,TPA,EWR
197.0,TPA,FLL
1041.0,TPA,GRR
580.0,TPA,GSO
477.0,TPA,GSP
781.0,TPA,HOU
1032.0,TPA,HPN
811.0,TPA,IAD
787.0,TPA,IAH
837.0,TPA,IND
1034.0,TPA,ISP
1005.0,TPA,JFK
1984.0,TPA,LAS
2158.0,TPA,LAX
866.0,TPA,LBE
1010.0,TPA,LGA
1048.0,TPA,MCI
997.0,TPA,MDW
655.0,TPA,MEM
1204.0,TPA,MHT
204.0,TPA,MIA
1075.0,TPA,MKE
1306.0,TPA,MSP
488.0,TPA,MSY
1011.0,TPA,ORD
717.0,TPA,ORF
920.0,TPA,PHL
1788.0,TPA,PHX
873.0,TPA,PIT
1136.0,TPA,PVD
1277.0,TPA,PWM
587.0,TPA,RDU
723.0,TPA,RIC
1079.0,TPA,ROC
2087.0,TPA,SAN
972.0,TPA,SAT
727.0,TPA,SDF
2520.0,TPA,SEA
2393.0,TPA,SFO
1237.0,TPA,SJU
1888.0,TPA,SLC
869.0,TPA,STL
1104.0,TPA,SYR
955.0,TPA,TTN
227.0,PSC,ATL
119.0,PSC,CLT
868.0,PSC,DFW
535.0,PSC,SFB
701.0,TTN,ATL
706.0,TTN,BNA
484.0,TTN,CLT
1026.0,TTN,FLL
777.0,TTN,JAX
896.0,TTN,MCO
985.0,TTN,PBI
373.0,TTN,RDU
1028.0,TTN,RSW
992.0,TTN,SRQ
955.0,TTN,TPA
674.0,TUL,ATL
842.0,TUL,CLT
238.0,TUL,DAL
541.0,TUL,DEN
237.0,TUL,DFW
453.0,TUL,HOU
429.0,TUL,IAH
1076.0,TUL,LAS
1283.0,TUL,LAX
615.0,TUL,MSP
585.0,TUL,ORD
935.0,TUL,PHX
995.0,TUL,SFB
926.0,TUL,SLC
351.0,TUL,STL
1541.0,TUS,ATL
1299.0,TUS,BLI
1735.0,TUS,CLT
824.0,TUS,DAL
639.0,TUS,DEN
813.0,TUS,DFW
936.0,TUS,IAH
1472.0,TUS,IND
365.0,TUS,LAS
451.0,TUS,LAX
1440.0,TUS,MDW
1298.0,TUS,MSP
747.0,TUS,OAK
1437.0,TUS,ORD
1119.0,TUS,PDX
110.0,TUS,PHX
560.0,TUS,PVU
368.0,TUS,SAN
1216.0,TUS,SEA
751.0,TUS,SFO
722.0,TUS,SJC
601.0,TUS,SLC
1599.0,TVC,AZA
207.0,TVC,DTW
224.0,TVC,ORD
1245.0,TVC,PGD
1172.0,TVC,PIE
1126.0,TVC,SFB
542.0,TWF,DEN
626.0,TWF,LAX
536.0,TWF,SFO
175.0,TWF,SLC
181.0,TXK,DFW
732.0,TYR,DEN
102.0,TYR,DFW
152.0,TYS,ATL
177.0,TYS,CLT
437.0,TYS,DCA
1162.0,TYS,DEN
771.0,TYS,DFW
443.0,TYS,DTW
631.0,TYS,EWR
708.0,TYS,FLL
420.0,TYS,IAD
771.0,TYS,IAH
1739.0,TYS,LAS
648.0,TYS,LGA
532.0,TYS,MCO
724.0,TYS,MIA
792.0,TYS,MSP
475.0,TYS,ORD
670.0,TYS,PBI
624.0,TYS,PGD
554.0,TYS,PHL
550.0,TYS,PIE
511.0,TYS,SFB
586.0,TYS,SRQ
207.0,,CGI
222.0,,ORD
643.0,USA,FLL
669.0,USA,MSY
601.0,USA,PBI
588.0,USA,PGD
528.0,USA,PIE
457.0,USA,SFB
259.0,VEL,DEN
208.0,VLD,ATL
250.0,VPS,ATL
587.0,VPS,BLV
819.0,VPS,BWI
460.0,VPS,CLT
600.0,VPS,CVG
789.0,VPS,DCA
641.0,VPS,DFW
988.0,VPS,EWR
528.0,VPS,IAH
764.0,VPS,MCI
726.0,VPS,OKC
532.0,VPS,SDF
610.0,VPS,SGF
601.0,VPS,XNA
82.0,WRG,KTN
31.0,WRG,PSG
589.0,XNA,ATL
1006.0,XNA,AZA
754.0,XNA,CLT
963.0,XNA,DCA
616.0,XNA,DEN
280.0,XNA,DFW
1131.0,XNA,EWR
438.0,XNA,IAH
1163.0,XNA,LAS
1147.0,XNA,LGA
1099.0,XNA,MIA
596.0,XNA,MSP
522.0,XNA,ORD
1066.0,XNA,PHL
920.0,XNA,SFB
1550.0,XNA,SFO
601.0,XNA,VPS
582.0,XWA,DEN
553.0,XWA,MSP
213.0,YAK,CDV
198.0,YAK,JNU
1022.0,YUM,DFW
160.0,YUM,PHX
